OBJECTID,IDANDEN,FECHAACTUAL,MODO,CODIGOESTACION,CODIGOANDENCTM,CODIGOANDENEMPRESA,DENOMINACION,OBSERVACIONES,NIVEL,NUMANDEN,TIPO,INDICADORSENTIDO1,INDICADORSENTIDO2,SUBENBAJANS1,SUBENBAJANS2,DENOMINACIONESTACION,ACCESOMINUSVALIDOS,FECHAALTA,FECHAINICIO,FECHAFIN,X,Y,IDFESTACION
1,4_29_63,20240628,4,29,63,02022,Sentido LAS ROSAS,,-2,2,L,N,S,--,SB,MANUEL BECERRA,N,20030326,19930701,,443266.311,4475619.013,4_29
2,4_30_64,20240628,4,30,64,02031,Sentido CUATRO CAMINOS,,-2,1,L,S,N,SB,--,GOYA,O,20030326,19930701,,442729.382,4475289.14,4_30
3,4_30_65,20240628,4,30,65,02032,Sentido LAS ROSAS,,-2,2,L,N,S,--,SB,GOYA,O,20030326,19930701,,442727.768,4475293.27,4_30
4,4_31_66,20240628,4,31,66,02041,Sentido CUATRO CAMINOS,,-2,1,L,S,N,SB,--,PRINCIPE DE VERGARA,A,20030326,19930701,,442376.023,4475085.275,4_31
5,4_31_67,20240628,4,31,67,02042,Sentido LAS ROSAS,,-2,2,L,N,S,--,SB,PRINCIPE DE VERGARA,A,20030326,19930701,,442373.55,4475088.925,4_31
6,4_32_68,20240628,4,32,68,02051,Sentido CUATRO CAMINOS,,-2,1,L,S,N,SB,--,RETIRO,N,20030326,19930701,,441887.509,4474855.576,4_32
7,4_32_69,20240628,4,32,69,02052,Sentido LAS ROSAS,,-2,2,L,N,S,--,SB,RETIRO,N,20030326,19930701,,441886.371,4474859.79,4_32
8,4_33_70,20240628,4,33,70,02061,Sentido CUATRO CAMINOS,,-2,1,L,S,N,SB,--,BANCO DE ESPAÑA,N,20030326,19930701,,441157.289,4474707.449,4_33
9,4_33_71,20240628,4,33,71,02062,Sentido LAS ROSAS,,-2,2,L,N,S,--,SB,BANCO DE ESPAÑA,N,20030326,19930701,,441156.163,4474711.722,4_33
10,4_34_72,20240628,4,34,72,02071,Sentido CUATRO CAMINOS,,-2,1,L,S,N,SB,--,SEVILLA,A,20030326,19930701,,440730.723,4474567.762,4_34
11,4_34_73,20240628,4,34,73,02072,Sentido LAS ROSAS,,-2,2,L,N,S,--,SB,SEVILLA,A,20030326,19930701,,440728.904,4474571.613,4_34
12,4_35_74,20240628,4,35,74,02081,Sentido CUATRO CAMINOS,,0,1,L,S,S,SB,--,SOL,A,20030326,19930701,,440405.33264,4474492.29769,4_35
13,4_35_75,20240628,4,35,75,02082,Sentido LAS ROSAS,,0,2,L,S,S,--,SB,SOL,A,20030326,19930701,,440403.7992,4474496.631,4_35
14,4_36_76,20240628,4,36,76,02091,Sentido CUATRO CAMINOS,,-2,1,L,S,N,SB,--,OPERA,N,20030326,19930701,,439926.996,4474606.671,4_36
15,4_36_77,20240628,4,36,77,02092,Sentido LAS ROSAS,,-2,2,L,N,S,--,SB,OPERA,N,20030326,19930701,,439929.832,4474609.978,4_36
16,4_37_78,20240628,4,37,78,02101,Sentido CUATRO CAMINOS,,-2,1,L,S,N,SB,--,SANTO DOMINGO,N,20030326,19930701,,440040.282,4474960.146,4_37
17,4_37_79,20240628,4,37,79,02102,Sentido LAS ROSAS,,-2,2,L,N,S,--,SB,SANTO DOMINGO,N,20030326,19930701,,440044.087,4474958.12,4_37
18,4_38_80,20240628,4,38,80,02111,Sentido CUATRO CAMINOS,,-2,1,L,S,N,SB,--,NOVICIADO,N,20030326,19930701,,440098.2,4475355.003,4_38
19,4_38_81,20240628,4,38,81,02112,Sentido LAS ROSAS,,-2,2,L,N,S,--,SB,NOVICIADO,N,20030326,19930701,,440102.61,4475354.976,4_38
20,4_39_82,20240628,4,39,82,02121,Sentido CUATRO CAMINOS,,-2,1,L,S,N,SB,--,SAN BERNARDO,N,20030326,19930701,,440264.721,4475955.148,4_39
21,4_39_83,20240628,4,39,83,02122,Sentido LAS ROSAS,,-2,2,L,N,S,--,SB,SAN BERNARDO,N,20030326,19930701,,440268.908,4475953.707,4_39
22,4_40_84,20240628,4,40,84,02131,Sentido CUATRO CAMINOS,,-2,1,L,S,N,SB,--,QUEVEDO,N,20030326,19930701,,440344.571,4476240.751,4_40
23,4_40_85,20240628,4,40,85,02132,Sentido LAS ROSAS,,-2,2,L,N,S,--,SB,QUEVEDO,N,20030326,19930701,,440348.984,4476240.003,4_40
24,4_41_86,20240628,4,41,86,02141,Sentido CUATRO CAMINOS,,-2,1,L,S,N,SB,--,CANAL,A,20030326,19930701,,440377.583,4476943.156,4_41
25,4_41_87,20240628,4,41,87,02142,Sentido LAS ROSAS,,-2,2,L,N,S,--,SB,CANAL,A,20030326,19930701,,440381.952,4476942.991,4_41
26,4_42_88,20240628,4,42,88,02152,Sentido LAS ROSAS,,-2,2,L,N,S,-B,-B,CUATRO CAMINOS,A,20030326,19930701,,440410.296,4477690.506,4_42
27,4_42_89,20240628,4,42,89,02153,ANDEN CENTRAL,,-2,3,C,S,S,-B,S-,CUATRO CAMINOS,N,20030326,19930701,,440401.713,4477690.803,4_42
28,4_43_90,20240628,4,43,90,03011,Sentido MONCLOA,,-2,1,L,S,N,SB,--,LEGAZPI,A,20030326,19930701,,441130.988,4471763.564,4_43
29,4_43_91,20240628,4,43,91,03012,Sentido VILLAVERDE ALTO,,-2,2,L,N,S,--,SB,LEGAZPI,A,20030326,19930701,,441135.442,4471763.118,4_43
30,4_44_92,20240628,4,44,92,03021,Sentido MONCLOA,,-2,1,L,S,N,SB,--,DELICIAS,A,20030326,19930701,,441202.277,4472497.663,4_44
31,4_44_93,20240628,4,44,93,03022,Sentido VILLAVERDE ALTO,,-2,2,L,N,S,--,SB,DELICIAS,A,20030326,19930701,,441206.631,4472497.343,4_44
32,4_45_94,20240628,4,45,94,03031,Sentido MONCLOA,,-2,1,L,S,N,SB,--,PALOS DE LA FRONTERA,A,20030326,19930701,,441146.152,4472934.691,4_45
33,4_45_95,20240628,4,45,95,03032,Sentido VILLAVERDE ALTO,,-2,2,L,N,S,--,SB,PALOS DE LA FRONTERA,A,20030326,19930701,,441147.001,4472938.949,4_45
34,4_46_96,20240628,4,46,96,03041,Sentido MONCLOA,,-2,1,L,S,N,SB,--,EMBAJADORES,A,20030326,19930701,,440514.867,4473160.246,4_46
35,4_46_97,20240628,4,46,97,03042,Sentido VILLAVERDE ALTO,,-2,2,L,N,S,--,SB,EMBAJADORES,A,20030326,19930701,,440519.241,4473159.588,4_46
36,4_47_98,20240628,4,47,98,03051,Sentido MONCLOA,,-1,1,L,S,N,SB,--,LAVAPIES,A,20030326,19930701,,440613.788,4473564.947,4_47
37,4_47_99,20240628,4,47,99,03052,Sentido VILLAVERDE ALTO,,-1,2,L,N,S,--,SB,LAVAPIES,A,20030326,19930701,,440617.069,4473567.744,4_47
38,4_48_100,20240628,4,48,100,03061,Sentido MONCLOA,,0,1,L,S,S,SB,--,SOL,A,20030326,19930701,,440391.38857,4474470.75017,4_48
39,4_48_101,20240628,4,48,101,03062,Sentido VILLAVERDE ALTO,,0,2,L,S,S,--,SB,SOL,A,20030326,19930701,,440395.42953,4474472.36758,4_48
40,4_49_102,20240628,4,49,102,03071,Sentido MONCLOA,,-2,1,L,S,N,SB,--,CALLAO,A,20030326,19930701,,440187.987,4474872.516,4_49
41,4_49_103,20240628,4,49,103,03072,Sentido VILLAVERDE ALTO,,-2,2,L,N,S,--,SB,CALLAO,A,20030326,19930701,,440192.153,4474874.108,4_49
42,4_50_104,20240628,4,50,104,03081,Sentido MONCLOA,,-2,1,L,S,N,SB,--,PLAZA DE ESPAÑA,A,20030326,19930701,,439753.808,4475231.903,4_50
43,4_50_105,20240628,4,50,105,03082,Sentido VILLAVERDE ALTO,,-2,2,L,N,S,--,SB,PLAZA DE ESPAÑA,A,20030326,19930701,,439757.889,4475233.744,4_50
44,4_51_106,20240628,4,51,106,03091,Sentido MONCLOA,,-2,1,L,S,N,SB,--,VENTURA RODRIGUEZ,A,20030326,19930701,,439544.331,4475641.993,4_51
45,4_51_107,20240628,4,51,107,03092,Sentido VILLAVERDE ALTO,,-2,2,L,N,S,--,SB,VENTURA RODRIGUEZ,R,20030326,19930701,,439548.354,4475643.548,4_51
46,4_52_108,20240628,4,52,108,03101,Sentido MONCLOA,,-2,1,L,S,N,SB,--,ARGÜELLES,A,20030326,19930701,,439327.068,4476047.086,4_52
47,4_52_109,20240628,4,52,109,03102,Sentido VILLAVERDE ALTO,,-2,2,L,N,S,--,SB,ARGÜELLES,A,20030326,19930701,,439331.013,4476048.796,4_52
48,4_53_110,20240628,4,53,110,03111,Sentido MONCLOA,,-2,1,L,S,N,SB,--,MONCLOA,A,20030326,19930701,,439122.765,4476537.763,4_53
49,4_53_111,20240628,4,53,111,03112,Sentido VILLAVERDE ALTO,,-2,2,L,N,S,--,SB,MONCLOA,A,20030326,19930701,,439125.767,4476533.944,4_53
50,4_54_112,20240628,4,54,112,04012,Sentido PINAR DE CHAMARTIN,,-2,2,L,S,N,S-,-B,ARGÜELLES,A,20030326,19930701,,439450.701,4475998.393,4_54
51,4_54_113,20240628,4,54,113,04013,ANDEN CENTRAL,,-2,3,C,S,S,S-,-B,ARGÜELLES,A,20030326,19930701,,439448.77199,4475989.27612,4_54
52,4_55_114,20240628,4,55,114,04022,Sentido PINAR DE CHAMARTIN,,-3,2,L,S,N,SB,--,SAN BERNARDO,N,20030326,19930701,,440256.435,4475894.7,4_55
53,4_55_115,20240628,4,55,115,04021,Sentido ARGÜELLES,,-3,1,L,N,S,--,SB,SAN BERNARDO,N,20030326,19930701,,440255.60694,4475890.38281,4_55
54,4_56_116,20240628,4,56,116,04032,Sentido PINAR DE CHAMARTIN,,-2,2,L,S,N,SB,--,BILBAO,A,20030326,19930701,,440632.658,4475801.65,4_56
55,4_56_117,20240628,4,56,117,04031,Sentido ARGÜELLES,,-2,1,L,N,S,--,SB,BILBAO,A,20030326,19930701,,440631.921,4475797.338,4_56
56,4_57_118,20240628,4,57,118,04042,Sentido PINAR DE CHAMARTIN,,-2,2,L,S,N,SB,--,ALONSO MARTINEZ,N,20030326,19930701,,441059.998,4475672.263,4_57
57,4_57_119,20240628,4,57,119,04041,Sentido ARGÜELLES,,-2,1,L,N,S,--,SB,ALONSO MARTINEZ,N,20030326,19930701,,441058.366,4475668.272,4_57
58,4_58_120,20240628,4,58,120,04052,Sentido PINAR DE CHAMARTIN,,-2,2,L,S,N,SB,--,COLON,N,20030326,19930701,,441371.834,4475475.787,4_58
59,4_58_121,20240628,4,58,121,04051,Sentido ARGÜELLES,,-2,1,L,N,S,--,SB,COLON,N,20030326,19930701,,441369.217,4475472.325,4_58
60,4_59_122,20240628,4,59,122,04062,Sentido PINAR DE CHAMARTIN,,-2,2,L,S,N,SB,--,SERRANO,N,20030326,19930701,,441846.986,4475399.66,4_59
61,4_59_123,20240628,4,59,123,04061,Sentido ARGÜELLES,,-2,1,L,N,S,--,SB,SERRANO,N,20030326,19930701,,441846.839,4475395.33,4_59
62,4_60_124,20240628,4,60,124,04072,Sentido PINAR DE CHAMARTIN,,-2,2,L,S,N,SB,--,VELAZQUEZ,N,20030326,19930701,,442208.356,4475373.937,4_60
63,4_60_125,20240628,4,60,125,04071,Sentido ARGÜELLES,,-2,1,L,N,S,--,SB,VELAZQUEZ,N,20030326,19930701,,442208.208,4475369.619,4_60
64,4_61_126,20240628,4,61,126,04082,Sentido PINAR DE CHAMARTIN,,-2,2,L,S,N,SB,--,GOYA,O,20030326,19930701,,442694.795,4475336.29,4_61
65,4_61_127,20240628,4,61,127,04081,Sentido ARGÜELLES,,-2,1,L,N,S,--,SB,GOYA,O,20030326,19930701,,442694.141,4475331.758,4_61
66,4_93_190,20240628,4,93,190,05201,Sentido CASA DE CAMPO,,-2,1,L,S,N,SB,--,PIRAMIDES,A,20030326,19930701,,439712.202,4472835.35,4_93
67,4_93_191,20240628,4,93,191,05202,Sentido ALAMEDA DE OSUNA,,-2,2,L,N,S,--,SB,PIRAMIDES,A,20030326,19930701,,439708.966,4472838.405,4_93
68,4_94_192,20240628,4,94,192,05211,Sentido CASA DE CAMPO,,-2,1,L,S,N,SB,--,MARQUES DE VADILLO,N,20030326,19930701,,439243.816,4472274.304,4_94
69,4_94_193,20240628,4,94,193,05212,Sentido ALAMEDA DE OSUNA,,-2,2,L,N,S,--,SB,MARQUES DE VADILLO,N,20030326,19930701,,439241.011,4472277.664,4_94
70,4_95_194,20240628,4,95,194,05221,Sentido CASA DE CAMPO,,-2,1,L,S,N,SB,--,URGEL,N,20030326,19930701,,438619.16,4471833.379,4_95
71,4_95_195,20240628,4,95,195,05222,Sentido ALAMEDA DE OSUNA,,-2,2,L,N,S,--,SB,URGEL,N,20030326,19930701,,438616.798,4471837.042,4_95
72,4_96_196,20240628,4,96,196,05231,Sentido CASA DE CAMPO,,-2,1,L,S,N,SB,--,OPORTO,N,20030326,19930701,,438102.38,4471426.61,4_96
73,4_96_197,20240628,4,96,197,05232,Sentido ALAMEDA DE OSUNA,,-2,2,L,N,S,--,SB,OPORTO,N,20030326,19930701,,438099.479,4471429.856,4_96
74,4_97_198,20240628,4,97,198,05241,Sentido CASA DE CAMPO,,-2,1,L,S,N,SB,--,VISTA ALEGRE,N,20030326,19930701,,437426.71,4471416.809,4_97
75,4_97_199,20240628,4,97,199,05242,Sentido ALAMEDA DE OSUNA,,-2,2,L,N,S,--,SB,VISTA ALEGRE,N,20030326,19930701,,437425.079,4471420.932,4_97
76,4_98_200,20240628,4,98,200,05251,Sentido CASA DE CAMPO,,-2,1,L,S,N,SB,--,CARABANCHEL,N,20030326,19930701,,436824.975,4471255.948,4_98
77,4_98_201,20240628,4,98,201,05252,Sentido ALAMEDA DE OSUNA,,-2,2,L,N,S,--,SB,CARABANCHEL,N,20030326,19930701,,436820.73,4471263.871,4_98
78,4_99_203,20240628,4,99,203,05261,Sentido CASA DE CAMPO,,-1,1,L,S,N,SB,--,EUGENIA DE MONTIJO,A,20030326,19980101,,436354.211,4470901.955,4_99
79,4_99_204,20240628,4,99,204,05262,Sentido ALAMEDA DE OSUNA,,-1,2,L,N,S,--,SB,EUGENIA DE MONTIJO,A,20030326,19980101,,436351.59,4470905.471,4_99
80,4_100_205,20240628,4,100,205,05273,ANDEN CENTRAL,Andén físico del virtual : 05274,1,3,C,S,S,SB,SB,ALUCHE,A,20030326,19930701,,435528.796,4471044.022,4_100
81,4_100_206,20240628,4,100,206,05274,Sentido ALAMEDA DE OSUNA,"Andén virtual para sent.2 , del andén físico : 05273",1,4,V,N,S,--,SB,ALUCHE,A,20030326,19930701,,435546.557,4471054.518,4_100
82,4_101_207,20240628,4,101,207,05281,Sentido CASA DE CAMPO,,-1,1,L,S,N,SB,--,EMPALME,S,20030326,20020901,,435147.763,4471600.738,4_101
83,4_101_208,20240628,4,101,208,05282,Sentido ALAMEDA DE OSUNA,,-1,2,L,N,S,--,SB,EMPALME,S,20030326,20020901,,435151.516,4471602.873,4_101
84,4_102_209,20240628,4,102,209,05291,Sentido CASA DE CAMPO,,-2,1,L,S,N,SB,--,CAMPAMENTO,N,20030326,20020901,,434930.314,4471986.263,4_102
85,4_102_210,20240628,4,102,210,05292,Sentido ALAMEDA DE OSUNA,,-2,2,L,N,S,--,SB,CAMPAMENTO,N,20030326,20020901,,434939.084,4471989.106,4_102
86,4_102_211,20240628,4,102,211,05293,ANDEN CENTRAL,,-2,3,C,S,S,SB,SB,CAMPAMENTO,N,20030326,20020901,,434934.624,4471987.806,4_102
87,4_103_212,20240628,4,103,212,05301,Sentido CASA DE CAMPO,Andén compartido con línea 10 sent.1 Es el andén físico del virtual : 10151,-2,1,M,S,N,-B,S-,CASA DE CAMPO,A,20030326,20020901,,435474.584,4472971.058,4_103
88,4_103_213,20240628,4,103,213,05302,Sentido ALAMEDA DE OSUNA,Andén compartido con línea 10 sent.2 Es el andén físico del virtual : 10152,-2,2,M,N,S,-B,S-,CASA DE CAMPO,A,20030326,20020901,,435477.792,4472968.069,4_103
89,4_104_214,20240628,4,104,214,06011,ANDEN 1,,-3,1,L,S,N,SB,--,LAGUNA,N,20030326,19930701,,436961.881,4472431.806,4_104
90,4_104_215,20240628,4,104,215,06012,ANDEN 2,,-3,2,L,N,S,--,SB,LAGUNA,N,20030326,19930701,,436953.20873,4472429.77609,4_104
91,4_104_216,20240628,4,104,216,06013,ANDEN CENTRAL,,-3,3,C,S,S,SB,SB,LAGUNA,N,20030326,19930701,,436957.33,4472431.084,4_104
92,4_105_217,20240628,4,105,217,06021,ANDEN 1,,-2,1,L,S,N,SB,--,CARPETANA,N,20030326,19930701,,437248.221,4471838.167,4_105
93,4_105_218,20240628,4,105,218,06022,ANDEN 2,,-2,2,L,N,S,--,SB,CARPETANA,N,20030326,19930701,,437244.809,4471834.677,4_105
94,4_106_219,20240628,4,106,219,06031,ANDEN 1,,-2,1,L,S,N,SB,--,OPORTO,N,20030326,19930701,,437954.301,4471347.247,4_106
95,4_106_220,20240628,4,106,220,06032,ANDEN 2,,-2,2,L,N,S,--,SB,OPORTO,N,20030326,19930701,,437952.292,4471338.699,4_106
96,4_106_221,20240628,4,106,221,06033,ANDEN CENTRAL,,-2,3,C,S,S,SB,SB,OPORTO,N,20030326,19930701,,437953.185,4471342.959,4_106
97,4_107_222,20240628,4,107,222,06041,ANDEN 1,,-2,1,L,S,N,SB,--,OPAÑEL,N,20030326,19930701,,438700.085,4471177.151,4_107
98,4_107_223,20240628,4,107,223,06042,ANDEN 2,,-2,2,L,N,S,--,SB,OPAÑEL,N,20030326,19930701,,438698.875,4471172.366,4_107
99,4_108_224,20240628,4,108,224,06051,ANDEN 1,,-2,1,L,S,N,SB,--,PLAZA ELIPTICA,A,20030326,19930701,,439346.652,4470968.168,4_108
100,4_108_225,20240628,4,108,225,06052,ANDEN 2,,-2,2,L,N,S,--,SB,PLAZA ELIPTICA,A,20030326,19930701,,439346.937,4470959.335,4_108
101,4_108_226,20240628,4,108,226,06053,ANDEN CENTRAL,,-2,3,C,S,S,SB,SB,PLAZA ELIPTICA,O,20030326,19930701,,439346.751,4470963.713,4_108
102,4_109_227,20240628,4,109,227,06061,ANDEN 1,,-2,1,L,S,N,SB,--,USERA,A,20030326,19930701,,440224.144,4471236.878,4_109
103,4_109_228,20240628,4,109,228,06062,ANDEN 2,,-2,2,L,N,S,--,SB,USERA,A,20030326,19930701,,440227.023,4471232.906,4_109
104,4_110_229,20240628,4,110,229,06071,ANDEN 1,,-3,1,L,S,N,SB,--,LEGAZPI,A,20030326,19930701,,441108.393,4471608.839,4_110
105,4_110_230,20240628,4,110,230,06072,ANDEN 2,,-3,2,L,N,S,--,SB,LEGAZPI,A,20030326,19930701,,441110.283,4471604.267,4_110
106,4_111_231,20240628,4,111,231,06091,ANDEN 1,,-2,1,L,S,N,SB,--,MENDEZ ALVARO,N,20030326,19930701,,442463.555,4472115.507,4_111
107,4_111_232,20240628,4,111,232,06092,ANDEN 2,,-2,2,L,N,S,--,SB,MENDEZ ALVARO,N,20030326,19930701,,442465.37,4472110.937,4_111
108,4_112_233,20240628,4,112,233,06101,ANDEN 1,,-3,1,L,S,N,SB,--,PACIFICO,N,20030326,19930701,,442903.231,4472813.136,4_112
109,4_112_234,20240628,4,112,234,06102,ANDEN 2,,-3,2,L,N,S,--,SB,PACIFICO,N,20030326,19930701,,442913.371,4472805.854,4_112
110,4_112_235,20240628,4,112,235,06103,ANDEN CENTRAL,,-3,3,C,S,S,SB,SB,PACIFICO,N,20030326,19930701,,442908.166,4472809.644,4_112
111,4_113_236,20240628,4,113,236,06111,ANDEN 1,,-2,1,L,S,N,SB,--,CONDE DE CASAL,A,20030326,19930701,,443246.163,4473445.421,4_113
112,4_113_237,20240628,4,113,237,06112,ANDEN 2,,-2,2,L,N,S,--,SB,CONDE DE CASAL,A,20030326,19930701,,443253.221,4473445.455,4_113
113,4_114_238,20240628,4,114,238,06121,ANDEN 1,,-2,1,L,S,N,SB,--,SAINZ DE BARANDA,N,20030326,19930701,,443303.04,4474273.28,4_114
114,4_114_239,20240628,4,114,239,06122,ANDEN 2,,-2,2,L,N,S,--,SB,SAINZ DE BARANDA,N,20030326,19930701,,443315.543,4474271.956,4_114
115,4_114_240,20240628,4,114,240,06123,ANDEN CENTRAL,,-2,3,C,S,S,SB,SB,SAINZ DE BARANDA,N,20030326,19930701,,443308.803,4474272.644,4_114
116,4_115_241,20240628,4,115,241,06131,ANDEN 1,,-2,1,L,S,N,SB,--,O'DONNELL,N,20030326,19930701,,443361.36,4475030.601,4_115
117,4_115_242,20240628,4,115,242,06132,ANDEN 2,,-2,2,L,N,S,--,SB,O'DONNELL,N,20030326,19930701,,443366.285,4475030.333,4_115
118,4_116_243,20240628,4,116,243,06141,ANDEN 1,,-2,1,L,S,N,SB,--,MANUEL BECERRA,N,20030326,19930701,,443401.717,4475644.796,4_116
119,4_116_244,20240628,4,116,244,06142,ANDEN 2,,-2,2,L,N,S,--,SB,MANUEL BECERRA,N,20030326,19930701,,443414.282,4475644.458,4_116
120,4_116_245,20240628,4,116,245,06143,ANDEN CENTRAL,,-2,3,C,S,S,SB,SB,MANUEL BECERRA,N,20030326,19930701,,443407.585,4475644.679,4_116
121,4_117_246,20240628,4,117,246,06151,ANDEN 1,,-2,1,L,S,N,SB,--,DIEGO DE LEON,N,20030326,19930701,,443035.326,4476234.171,4_117
122,4_117_247,20240628,4,117,247,06152,ANDEN 2,,-2,2,L,N,S,--,SB,DIEGO DE LEON,N,20030326,19930701,,443039.218,4476237.358,4_117
123,4_118_248,20240628,4,118,248,06161,ANDEN 1,,-2,1,L,S,S,SB,--,AVENIDA DE AMERICA,A,20030326,19930701,,442595.42109,4476774.20771,4_118
124,4_118_249,20240628,4,118,249,06162,ANDEN 2,,-2,2,L,S,S,--,SB,AVENIDA DE AMERICA,A,20030326,19930701,,442601.86512,4476780.49379,4_118
125,4_118_250,20240628,4,118,250,06163,ANDEN CENTRAL,,-2,3,C,S,S,SB,SB,AVENIDA DE AMERICA,A,20030326,19930701,,442598.31005,4476777.45993,4_118
126,4_119_251,20240628,4,119,251,06171,ANDEN 1,,-2,1,L,S,N,SB,--,REPUBLICA ARGENTINA,N,20030326,19930701,,442070.744,4477478.178,4_119
127,4_119_252,20240628,4,119,252,06172,ANDEN 2,,-2,2,L,N,S,--,SB,REPUBLICA ARGENTINA,N,20030326,19930701,,442074.834,4477480.913,4_119
128,4_120_253,20240628,4,120,253,06181,ANDEN 1,,-4,1,L,S,N,SB,--,NUEVOS MINISTERIOS,O,20030326,19930701,,441218.137,4477731.881,4_120
129,4_120_254,20240628,4,120,254,06182,ANDEN 2,,-4,2,L,N,S,--,SB,NUEVOS MINISTERIOS,A,20030326,19930701,,441218.681,4477736.721,4_120
130,4_121_255,20240628,4,121,255,06191,ANDEN 1,,-3,1,L,S,N,SB,--,CUATRO CAMINOS,A,20030326,19930701,,440460.071,4477794.975,4_121
131,4_62_128,20240628,4,62,128,04092,Sentido PINAR DE CHAMARTIN,,-2,2,L,S,N,SB,--,LISTA,N,20030326,19930701,,442817.138,4475817.272,4_62
132,4_62_129,20240628,4,62,129,04091,Sentido ARGÜELLES,,-2,1,L,N,S,--,SB,LISTA,N,20030326,19930701,,442821.464,4475816.941,4_62
133,4_63_130,20240628,4,63,130,04102,Sentido PINAR DE CHAMARTIN,,-2,2,L,S,N,SB,--,DIEGO DE LEON,N,20030326,19930701,,442857.642,4476375.065,4_63
134,4_63_131,20240628,4,63,131,04101,Sentido ARGÜELLES,,-2,1,L,N,S,--,SB,DIEGO DE LEON,N,20030326,19930701,,442861.989,4476374.629,4_63
135,4_64_132,20240628,4,64,132,04112,Sentido PINAR DE CHAMARTIN,,-2,2,L,S,S,SB,--,AVENIDA DE AMERICA,A,20030326,19930701,,442604.19011,4476797.91305,4_64
136,4_64_133,20240628,4,64,133,04111,Sentido ARGÜELLES,,-2,1,L,S,S,--,SB,AVENIDA DE AMERICA,A,20030326,19930701,,442607.72649,4476800.36988,4_64
137,4_65_134,20240628,4,65,134,04122,Sentido PINAR DE CHAMARTIN,,-2,2,L,S,N,SB,--,PROSPERIDAD,N,20030326,19930701,,442857.554,4477408.985,4_65
138,4_65_135,20240628,4,65,135,04121,Sentido ARGÜELLES,,-2,1,L,N,S,--,SB,PROSPERIDAD,N,20030326,19930701,,442860.378,4477405.758,4_65
139,4_66_136,20240628,4,66,136,04132,Sentido PINAR DE CHAMARTIN,,-2,2,L,S,N,SB,--,ALFONSO XIII,N,20030326,19930701,,443503.705,4477965.97,4_66
140,4_66_137,20240628,4,66,137,04131,Sentido ARGÜELLES,,-2,1,L,N,S,--,SB,ALFONSO XIII,N,20030326,19930701,,443506.12,4477962.378,4_66
141,4_67_138,20240628,4,67,138,04142,Sentido PINAR DE CHAMARTIN,,-2,2,L,S,N,SB,--,AVENIDA DE LA PAZ,N,20030326,19930701,,443925.195,4478426.802,4_67
142,4_67_139,20240628,4,67,139,04141,Sentido ARGÜELLES,,-2,1,L,N,S,--,SB,AVENIDA DE LA PAZ,N,20030326,19930701,,443927.603,4478423.189,4_67
143,4_68_140,20240628,4,68,140,04152,Sentido PINAR DE CHAMARTIN,,-2,2,L,S,N,SB,--,ARTURO SORIA,N,20030326,19930701,,444558.559,4478839.588,4_68
144,4_68_141,20240628,4,68,141,04151,Sentido ARGÜELLES,,-2,1,L,N,S,--,SB,ARTURO SORIA,N,20030326,19930701,,444561.489,4478836.294,4_68
145,4_69_142,20240628,4,69,142,04162,Sentido PINAR DE CHAMARTIN,,-2,2,L,S,N,SB,--,ESPERANZA,N,20030326,19930701,,445306.483,4479128.859,4_69
146,4_69_143,20240628,4,69,143,04161,Sentido ARGÜELLES,,-2,1,L,N,S,--,SB,ESPERANZA,N,20030326,19930701,,445305.897,4479124.468,4_69
147,4_70_144,20240628,4,70,144,04172,Sentido PINAR DE CHAMARTIN,,-2,2,L,S,N,SB,--,CANILLAS,A,20030326,19930701,,446229.482,4479690.751,4_70
148,4_70_145,20240628,4,70,145,04171,Sentido ARGÜELLES,,-2,1,L,N,S,--,SB,CANILLAS,A,20030326,19930701,,446233.821,4479691.329,4_70
149,4_71_146,20240628,4,71,146,04182,Sentido PINAR DE CHAMARTIN,,-2,2,L,S,N,SB,--,MAR DE CRISTAL,A,20030326,19930701,,445988.366,4480278.973,4_71
150,4_71_147,20240628,4,71,147,04181,Sentido ARGÜELLES,,-2,1,L,N,S,--,SB,MAR DE CRISTAL,A,20030326,19930701,,445992.611,4480280.263,4_71
151,4_72_148,20240628,4,72,148,04192,Sentido PINAR DE CHAMARTIN,,-2,2,L,S,N,SB,--,SAN LORENZO,A,20030326,19930701,,445886.834,4480728.475,4_72
152,4_72_149,20240628,4,72,149,04191,Sentido ARGÜELLES,,-2,1,L,N,S,--,SB,SAN LORENZO,A,20030326,19930701,,445891.155,4480728.086,4_72
153,4_73_150,20240628,4,73,150,04202,Sentido PINAR DE CHAMARTIN,,-2,2,L,S,N,SB,--,PARQUE DE SANTA MARIA,A,20030326,19930701,,445466.684,4481109.457,4_73
154,4_73_151,20240628,4,73,151,04201,Sentido ARGÜELLES,,-2,1,L,N,S,--,SB,PARQUE DE SANTA MARIA,A,20030326,19930701,,445467.334,4481113.772,4_73
155,4_74_152,20240628,4,74,152,05011,Sentido CASA DE CAMPO,,0,1,L,S,N,SB,--,CANILLEJAS,N,20030326,19930701,,448472.106,4477955.978,4_74
156,4_74_153,20240628,4,74,153,05012,Sentido ALAMEDA DE OSUNA,,0,2,L,N,S,--,SB,CANILLEJAS,N,20030326,19930701,,448469.13,4477959.135,4_74
157,4_75_154,20240628,4,75,154,05021,Sentido CASA DE CAMPO,,-2,1,L,S,N,SB,--,TORRE ARIAS,N,20030326,19930701,,447700.929,4477351.53,4_75
158,4_75_155,20240628,4,75,155,05022,Sentido ALAMEDA DE OSUNA,,-2,2,L,N,S,--,SB,TORRE ARIAS,N,20030326,19930701,,447699.198,4477355.571,4_75
159,4_76_156,20240628,4,76,156,05031,Sentido CASA DE CAMPO,,-2,1,L,S,N,SB,--,SUANZES,N,20030326,19930701,,446960.156,4477091.744,4_76
160,4_76_157,20240628,4,76,157,05032,Sentido ALAMEDA DE OSUNA,,-2,2,L,N,S,--,SB,SUANZES,N,20030326,19930701,,446958.972,4477095.968,4_76
161,4_77_158,20240628,4,77,158,05041,Sentido CASA DE CAMPO,,-2,1,L,S,N,SB,--,CIUDAD LINEAL,N,20030326,19930701,,446069.414,4476782.084,4_77
162,4_77_159,20240628,4,77,159,05042,Sentido ALAMEDA DE OSUNA,,-2,2,L,N,S,--,SB,CIUDAD LINEAL,N,20030326,19930701,,446067.82,4476786.278,4_77
163,4_78_160,20240628,4,78,160,05051,Sentido CASA DE CAMPO,,-2,1,L,S,N,SB,--,PUEBLO NUEVO,A,20030326,19930701,,445599.837,4476521.514,4_78
164,4_78_161,20240628,4,78,161,05052,Sentido ALAMEDA DE OSUNA,,-2,2,L,N,S,--,SB,PUEBLO NUEVO,A,20030326,19930701,,445597.407,4476525.071,4_78
165,4_79_162,20240628,4,79,162,05061,Sentido CASA DE CAMPO,,-2,1,L,S,N,SB,--,QUINTANA,N,20030326,19930701,,445147.003,4476246.285,4_79
166,4_79_163,20240628,4,79,163,05062,Sentido ALAMEDA DE OSUNA,,-2,2,L,N,S,--,SB,QUINTANA,N,20030326,19930701,,445145.435,4476250.361,4_79
167,4_80_164,20240628,4,80,164,05071,Sentido CASA DE CAMPO,,-2,1,L,S,N,SB,--,EL CARMEN,N,20030326,19930701,,444445.958,4476114.531,4_80
168,4_80_165,20240628,4,80,165,05072,Sentido ALAMEDA DE OSUNA,,-2,2,L,N,S,--,SB,EL CARMEN,N,20030326,19930701,,444445.087,4476118.779,4_80
169,4_81_166,20240628,4,81,166,05081,Sentido CASA DE CAMPO,,-2,1,L,S,N,SB,--,VENTAS,N,20030326,19930701,,443769.714,4476087.561,4_81
170,4_81_167,20240628,4,81,167,05082,Sentido ALAMEDA DE OSUNA,,-2,2,L,N,S,--,SB,VENTAS,N,20030326,19930701,,443772.219,4476091.126,4_81
171,4_82_168,20240628,4,82,168,05091,Sentido CASA DE CAMPO,,-2,1,L,S,N,SB,--,DIEGO DE LEON,N,20030326,19930701,,442927.012,4476171.73,4_82
172,4_82_169,20240628,4,82,169,05092,Sentido ALAMEDA DE OSUNA,,-2,2,L,N,S,--,SB,DIEGO DE LEON,N,20030326,19930701,,442927.533,4476176.033,4_82
173,4_83_170,20240628,4,83,170,05101,Sentido CASA DE CAMPO,,-2,1,L,S,N,SB,--,NUÑEZ DE BALBOA,N,20030326,19930701,,442258.748,4476219.574,4_83
174,4_83_171,20240628,4,83,171,05102,Sentido ALAMEDA DE OSUNA,,-2,2,L,N,S,--,SB,NUÑEZ DE BALBOA,N,20030326,19930701,,442259.453,4476223.847,4_83
175,4_84_172,20240628,4,84,172,05111,Sentido CASA DE CAMPO,,-2,1,L,S,N,SB,--,RUBEN DARIO,N,20030326,19930701,,441592.999,4476252.471,4_84
176,4_84_173,20240628,4,84,173,05112,Sentido ALAMEDA DE OSUNA,,-2,2,L,N,S,--,SB,RUBEN DARIO,N,20030326,19930701,,441592.479,4476256.772,4_84
177,4_85_174,20240628,4,85,174,05121,Sentido CASA DE CAMPO,,-3,1,L,S,N,SB,--,ALONSO MARTINEZ,N,20030326,19930701,,441163.653,4475741.3,4_85
178,4_85_175,20240628,4,85,175,05122,Sentido ALAMEDA DE OSUNA,,-3,2,L,N,S,--,SB,ALONSO MARTINEZ,N,20030326,19930701,,441157.739,4475745.211,4_85
179,4_86_176,20240628,4,86,176,05131,Sentido CASA DE CAMPO,,-2,1,L,S,N,SB,--,CHUECA,N,20030326,19930701,,440923.758,4475090.739,4_86
180,4_86_177,20240628,4,86,177,05132,Sentido ALAMEDA DE OSUNA,,-2,2,L,N,S,--,SB,CHUECA,N,20030326,19930701,,440916.874,4475092.651,4_86
181,4_87_178,20240628,4,87,178,05141,Sentido CASA DE CAMPO,,-3,1,L,S,N,SB,--,GRAN VIA,A,20030326,19930701,,440592.048,4474814.415,4_87
182,4_87_179,20240628,4,87,179,05142,Sentido ALAMEDA DE OSUNA,,-3,2,L,N,S,--,SB,GRAN VIA,A,20030326,19930701,,440592.04,4474821.232,4_87
183,4_88_180,20240628,4,88,180,05151,Sentido CASA DE CAMPO,,-2,1,L,S,N,SB,--,CALLAO,A,20030326,19930701,,440251.909,4474845.613,4_88
184,4_88_181,20240628,4,88,181,05152,Sentido ALAMEDA DE OSUNA,,-2,2,L,N,S,--,SB,CALLAO,A,20030326,19930701,,440251.629,4474849.956,4_88
185,4_89_182,20240628,4,89,182,05161,Sentido CASA DE CAMPO,,-3,1,L,S,N,SB,--,OPERA,N,20030326,19930701,,439918.909,4474612.036,4_89
186,4_89_183,20240628,4,89,183,05162,Sentido ALAMEDA DE OSUNA,,-3,2,L,N,S,--,SB,OPERA,N,20030326,19930701,,439914.559,4474611.886,4_89
187,4_90_184,20240628,4,90,184,05171,Sentido CASA DE CAMPO,,-2,1,L,S,N,SB,--,LA LATINA,N,20030326,19930701,,440034.89,4473909.673,4_90
188,4_90_185,20240628,4,90,185,05172,Sentido ALAMEDA DE OSUNA,,-2,2,L,N,S,--,SB,LA LATINA,N,20030326,19930701,,440030.769,4473911.567,4_90
189,4_91_186,20240628,4,91,186,05181,Sentido CASA DE CAMPO,,-2,1,L,S,N,SB,--,PUERTA DE TOLEDO,N,20030326,19930701,,439777.379,4473389.346,4_91
190,4_91_187,20240628,4,91,187,05182,Sentido ALAMEDA DE OSUNA,,-2,2,L,N,S,--,SB,PUERTA DE TOLEDO,N,20030326,19930701,,439772.915,4473388.257,4_91
191,4_92_188,20240628,4,92,188,05191,Sentido CASA DE CAMPO,,-2,1,L,S,N,SB,--,ACACIAS,A,20030326,19930701,,440215.266,4473055.199,4_92
192,4_92_189,20240628,4,92,189,05192,Sentido ALAMEDA DE OSUNA,,-2,2,L,N,S,--,SB,ACACIAS,A,20030326,19930701,,440214.034,4473059.502,4_92
193,4_121_256,20240628,4,121,256,06192,ANDEN 2,,-3,2,L,N,S,--,SB,CUATRO CAMINOS,A,20030326,19930701,,440460.744,4477799.84,4_121
194,4_122_257,20240628,4,122,257,06201,ANDEN 1,,-4,1,L,S,N,SB,--,GUZMAN EL BUENO,A,20030326,19930701,,439728.093,4477759.436,4_122
195,4_122_258,20240628,4,122,258,06202,ANDEN 2,,-4,2,L,N,S,--,SB,GUZMAN EL BUENO,A,20030326,19930701,,439725.902,4477763.848,4_122
196,4_123_259,20240628,4,123,259,06211,ANDEN 1,,-2,1,L,S,N,SB,--,VICENTE ALEIXANDRE,N,20030326,19930701,,439115.952,4477757.974,4_123
197,4_123_260,20240628,4,123,260,06212,ANDEN 2,,-2,2,L,N,S,--,SB,VICENTE ALEIXANDRE,N,20030326,19930701,,439115.665,4477762.884,4_123
198,4_124_261,20240628,4,124,261,06221,ANDEN 1,,-2,1,L,S,N,SB,--,CIUDAD UNIVERSITARIA,A,20030326,19930701,,438543.362,4477503.086,4_124
199,4_124_262,20240628,4,124,262,06222,ANDEN 2,,-2,2,L,N,S,--,SB,CIUDAD UNIVERSITARIA,A,20030326,19930701,,438536.721,4477500,4_124
200,4_125_263,20240628,4,125,263,06231,ANDEN 1,,-2,1,L,S,N,SB,--,MONCLOA,A,20030326,19930701,,439114.932,4476441.05,4_125
201,4_125_264,20240628,4,125,264,06232,ANDEN 2,,-2,2,L,N,S,--,SB,MONCLOA,A,20030326,19930701,,439110.411,4476438.974,4_125
202,4_126_265,20240628,4,126,265,06241,ANDEN 1,,-3,1,L,S,N,SB,--,ARGÜELLES,A,20030326,19930701,,439385.441,4475958.735,4_126
203,4_126_266,20240628,4,126,266,06242,ANDEN 2,,-3,2,L,N,S,--,SB,ARGÜELLES,A,20030326,19930701,,439380.228,4475958.05,4_126
204,4_127_267,20240628,4,127,267,06251,ANDEN 1,Andén compartido con línea 10 sent.1 Es el andén físico del virtual : 10121,-2,1,M,S,N,SB,--,PRINCIPE PIO,A,20030326,19930701,,439104.701,4474951.165,4_127
205,4_127_268,20240628,4,127,268,06252,ANDEN 2,Andén compartido con línea 10 sent.2 Es el andén físico del virtual : 10122,-2,2,M,N,S,--,SB,PRINCIPE PIO,A,20030326,19930701,,439098.076,4474951.696,4_127
206,4_128_269,20240628,4,128,269,06261,ANDEN 1,,-2,1,L,S,N,SB,--,PUERTA DEL ANGEL,N,20030326,19930701,,438442.417,4474149.026,4_128
207,4_128_270,20240628,4,128,270,06262,ANDEN 2,,-2,2,L,N,S,--,SB,PUERTA DEL ANGEL,N,20030326,19930701,,438442.081,4474153.7,4_128
208,4_129_271,20240628,4,129,271,06271,ANDEN 1,,-2,1,L,S,N,SB,--,ALTO DE EXTREMADURA,N,20030326,19930701,,437496.806,4473748.622,4_129
209,4_129_272,20240628,4,129,272,06272,ANDEN 2,,-2,2,L,N,S,--,SB,ALTO DE EXTREMADURA,N,20030326,19930701,,437494.243,4473752.83,4_129
210,4_130_273,20240628,4,130,273,06281,ANDEN 1,,-2,1,L,S,N,SB,--,LUCERO,A,20030326,19930701,,436867.384,4473196.816,4_130
211,4_130_274,20240628,4,130,274,06282,ANDEN 2,,-2,2,L,N,S,--,SB,LUCERO,A,20030326,19930701,,436862.561,4473197.644,4_130
212,4_132_277,20240628,4,132,277,07011,Sentido PITIS,,-2,1,L,S,N,SB,--,LAS MUSAS,N,20030326,19930701,,448550.734,4476197.781,4_132
213,4_132_278,20240628,4,132,278,07012,Sentido ESTADIO METROPOLITANO,,-2,2,L,N,S,--,SB,LAS MUSAS,N,20030326,19930701,,448546.348,4476200.001,4_132
214,4_133_279,20240628,4,133,279,07021,Sentido PITIS,,-2,1,L,S,N,SB,--,SAN BLAS,N,20030326,19930701,,447918.99,4475640.94,4_133
215,4_133_280,20240628,4,133,280,07022,Sentido ESTADIO METROPOLITANO,,-2,2,L,N,S,--,SB,SAN BLAS,N,20030326,19930701,,447916.45,4475645.139,4_133
216,4_134_281,20240628,4,134,281,07031,Sentido PITIS,,-2,1,L,S,N,SB,--,SIMANCAS,N,20030326,19930701,,447140.609,4475611.893,4_134
217,4_134_282,20240628,4,134,282,07032,Sentido ESTADIO METROPOLITANO,,-2,2,L,N,S,--,SB,SIMANCAS,N,20030326,19930701,,447142.66,4475616.309,4_134
218,4_135_283,20240628,4,135,283,07041,Sentido PITIS,,-2,1,L,S,N,SB,--,GARCIA NOBLEJAS,N,20030326,19930701,,446397.307,4475720.2,4_135
219,4_135_284,20240628,4,135,284,07042,Sentido ESTADIO METROPOLITANO,,-2,2,L,N,S,--,SB,GARCIA NOBLEJAS,N,20030326,19930701,,446394.941,4475724.465,4_135
220,4_136_285,20240628,4,136,285,07051,Sentido PITIS,,-2,1,L,S,N,SB,--,ASCAO,N,20030326,19930701,,445777.486,4475930.03,4_136
221,4_136_286,20240628,4,136,286,07052,Sentido ESTADIO METROPOLITANO,,-2,2,L,N,S,--,SB,ASCAO,N,20030326,19930701,,445781.496,4475932.812,4_136
222,4_137_287,20240628,4,137,287,07061,Sentido PITIS,,-3,1,L,S,N,SB,--,PUEBLO NUEVO,N,20030326,19930701,,445413.792,4476534.984,4_137
223,4_137_288,20240628,4,137,288,07062,Sentido ESTADIO METROPOLITANO,,-3,2,L,N,S,--,SB,PUEBLO NUEVO,N,20030326,19930701,,445424.26,4476542.348,4_137
224,4_137_289,20240628,4,137,289,07063,ANDEN CENTRAL,,-3,3,C,S,S,SB,SB,PUEBLO NUEVO,A,20030326,19930701,,445418.624,4476538.723,4_137
225,4_138_290,20240628,4,138,290,07071,Sentido PITIS,,-2,1,L,S,N,SB,--,BARRIO DE LA CONCEPCION,A,20030326,19930701,,444731,4476936.879,4_138
226,4_138_291,20240628,4,138,291,07072,Sentido ESTADIO METROPOLITANO,,-2,2,L,N,S,--,SB,BARRIO DE LA CONCEPCION,A,20030326,19930701,,444728.39,4476941.08,4_138
227,4_139_292,20240628,4,139,292,07081,Sentido PITIS,,-2,1,L,S,N,SB,--,PARQUE DE LAS AVENIDAS,N,20030326,19930701,,443861.943,4476902.661,4_139
228,4_139_293,20240628,4,139,293,07082,Sentido ESTADIO METROPOLITANO,,-2,2,L,N,S,--,SB,PARQUE DE LAS AVENIDAS,N,20030326,19930701,,443865.003,4476906.595,4_139
229,4_140_294,20240628,4,140,294,07091,Sentido PITIS,,-2,1,L,S,N,SB,--,CARTAGENA,N,20030326,19930701,,443184.164,4476973.715,4_140
230,4_140_295,20240628,4,140,295,07092,Sentido ESTADIO METROPOLITANO,,-2,2,L,N,S,--,SB,CARTAGENA,N,20030326,19930701,,443182.481,4476978.292,4_140
231,4_141_296,20240628,4,141,296,07101,Sentido PITIS,,-1,1,L,S,S,SB,--,AVENIDA DE AMERICA,A,20030326,19930701,,442522.43395,4476735.51715,4_141
232,4_141_297,20240628,4,141,297,07102,Sentido ESTADIO METROPOLITANO,,-1,2,L,S,S,--,SB,AVENIDA DE AMERICA,A,20030326,19930701,,442526.62057,4476747.9928,4_141
233,4_141_298,20240628,4,141,298,07103,ANDEN CENTRAL,,-1,3,C,S,S,SB,SB,AVENIDA DE AMERICA,A,20030326,19930701,,442524.30992,4476741.48988,4_141
234,4_142_299,20240628,4,142,299,07111,Sentido PITIS,,-3,1,L,S,N,SB,--,GREGORIO MARAÑON,A,20030326,19930701,,441425.58,4476818.83,4_142
235,4_142_300,20240628,4,142,300,07112,Sentido ESTADIO METROPOLITANO,,-3,2,L,N,S,--,SB,GREGORIO MARAÑON,A,20030326,19930701,,441426.243,4476823.695,4_142
236,4_143_301,20240628,4,143,301,07121,Sentido PITIS,,-2,1,L,S,N,SB,--,ALONSO CANO,A,20030326,19930701,,440802.728,4476861.338,4_143
237,4_143_302,20240628,4,143,302,07122,Sentido ESTADIO METROPOLITANO,,-2,2,L,N,S,--,SB,ALONSO CANO,A,20030326,19930701,,440803.103,4476866.271,4_143
238,4_144_303,20240628,4,144,303,07131,Sentido PITIS,,-3,1,L,S,N,SB,--,CANAL,A,20030326,19930701,,440324.09,4476894.429,4_144
239,4_144_304,20240628,4,144,304,07132,Sentido ESTADIO METROPOLITANO,,-3,2,L,N,S,--,SB,CANAL,A,20030326,19930701,,440324.33,4476899.32,4_144
240,4_145_305,20240628,4,145,305,07141,Sentido PITIS,,-2,1,L,S,N,SB,--,ISLAS FILIPINAS,A,20030326,19930701,,439574.817,4476940.802,4_145
241,4_145_306,20240628,4,145,306,07142,Sentido ESTADIO METROPOLITANO,,-2,2,L,N,S,--,SB,ISLAS FILIPINAS,A,20030326,19930701,,439575.412,4476945.676,4_145
242,4_146_307,20240628,4,146,307,07151,Sentido PITIS,,-4,1,L,S,N,SB,--,GUZMAN EL BUENO,A,20030326,19930701,,439604.622,4477791.849,4_146
243,4_146_308,20240628,4,146,308,07152,Sentido ESTADIO METROPOLITANO,,-4,2,L,N,S,--,SB,GUZMAN EL BUENO,A,20030326,19930701,,439609.345,4477790.441,4_146
244,4_147_309,20240628,4,147,309,07161,Sentido PITIS,,-2,1,L,S,N,SB,--,FRANCOS RODRIGUEZ,A,20030326,19930701,,439713.884,4478866.19,4_147
245,4_147_310,20240628,4,147,310,07162,Sentido ESTADIO METROPOLITANO,,-2,2,L,N,S,--,SB,FRANCOS RODRIGUEZ,A,20030326,19930701,,439718.215,4478863.948,4_147
246,4_148_311,20240628,4,148,311,07171,Sentido PITIS,,-2,1,L,S,N,SB,--,VALDEZARZA,A,20030326,19930701,,439417.441,4479797.115,4_148
247,4_148_312,20240628,4,148,312,07172,Sentido ESTADIO METROPOLITANO,,-2,2,L,N,S,--,SB,VALDEZARZA,A,20030326,19930701,,439418.126,4479802.02,4_148
248,4_149_313,20240628,4,149,313,07181,Sentido PITIS,,-2,1,L,S,N,SB,--,ANTONIO MACHADO,A,20030326,19930701,,439290.999,4480433.866,4_149
249,4_149_314,20240628,4,149,314,07182,Sentido ESTADIO METROPOLITANO,,-2,2,L,N,S,--,SB,ANTONIO MACHADO,A,20030326,19930701,,439293.927,4480429.913,4_149
250,4_150_315,20240628,4,150,315,07191,Sentido PITIS,,-2,1,L,S,N,SB,--,PEÑAGRANDE,A,20030326,19930701,,439427.656,4481005.3,4_150
251,4_150_316,20240628,4,150,316,07192,Sentido ESTADIO METROPOLITANO,,-2,2,L,N,S,--,SB,PEÑAGRANDE,A,20030326,19930701,,439432.44,4481006.437,4_150
252,4_151_317,20240628,4,151,317,07201,Sentido PITIS,,-2,1,L,S,N,SB,--,AVENIDA DE LA ILUSTRACION,A,20030326,19930701,,439213.119,4481505.245,4_151
253,4_151_318,20240628,4,151,318,07202,Sentido ESTADIO METROPOLITANO,,-2,2,L,N,S,--,SB,AVENIDA DE LA ILUSTRACION,A,20030326,19930701,,439217.353,4481507.94,4_151
254,4_152_319,20240628,4,152,319,07211,Sentido PITIS,,-2,1,L,S,N,SB,--,LACOMA,A,20030326,19930701,,438827,4482043.836,4_152
255,4_237_1,20240628,4,237,1,00011,Sentido PRINCIPE PIO,Andén físico del virtual : 00014,-2,1,U,S,N,S-,-B,OPERA,N,20030326,19930701,,439910.813,4474582.517,4_237
256,4_237_2,20240628,4,237,2,00014,Sentido OPERA,"Andén virtual para sent.2, del andén físico : 00011",-2,4,V,N,S,--,S-,OPERA,N,20030326,19930701,,439911.037,4474584.029,4_237
257,4_238_3,20240628,4,238,3,00021,Sentido PRINCIPE PIO,Andén físico del virtual : 00024,-1,1,U,S,N,-B,S-,PRINCIPE PIO,N,20030326,19940101,,439001.967,4474901.428,4_238
258,4_238_4,20240628,4,238,4,00024,Sentido OPERA,"Andén virtual para sent.2, del andén físico : 00021",-1,4,V,N,S,--,S-,PRINCIPE PIO,N,20030326,19940101,,439015.296,4474900.335,4_238
259,4_1_5,20240628,4,1,5,01011,Sentido VALDECARROS,,-2,1,L,S,N,SB,--,PLAZA DE CASTILLA,N,20030326,19930701,,441640.985,4479970.134,4_1
260,4_1_6,20240628,4,1,6,01012,Sentido PINAR DE CHAMARTIN,,-2,2,L,N,S,--,SB,PLAZA DE CASTILLA,N,20030326,19930701,,441637.468,4479972.669,4_1
261,4_2_7,20240628,4,2,7,01021,Sentido VALDECARROS,,-2,1,L,S,N,SB,--,VALDEACEDERAS,N,20030326,19930701,,441190.898,4479753.9,4_2
262,4_2_8,20240628,4,2,8,01022,Sentido PINAR DE CHAMARTIN,,-2,2,L,N,S,--,SB,VALDEACEDERAS,N,20030326,19930701,,441188.593,4479757.64,4_2
263,4_3_9,20240628,4,3,9,01031,Sentido VALDECARROS,,-2,1,L,S,N,SB,--,TETUAN,N,20030326,19930701,,440883.538,4479301.657,4_3
264,4_3_10,20240628,4,3,10,01032,Sentido PINAR DE CHAMARTIN,,-2,2,L,N,S,--,SB,TETUAN,N,20030326,19930701,,440879.428,4479303.343,4_3
265,4_4_11,20240628,4,4,11,01041,Sentido VALDECARROS,,-2,1,L,S,N,SB,--,ESTRECHO,N,20030326,19930701,,440522.795,4478648.918,4_4
266,4_4_12,20240628,4,4,12,01042,Sentido PINAR DE CHAMARTIN,,-2,2,L,N,S,--,SB,ESTRECHO,N,20030326,19930701,,440518.47,4478649.402,4_4
267,4_5_13,20240628,4,5,13,01051,Sentido VALDECARROS,,-2,1,L,S,N,SB,--,ALVARADO,N,20030326,19930701,,440454.996,4478115.83,4_5
268,4_5_14,20240628,4,5,14,01052,Sentido PINAR DE CHAMARTIN,,-2,2,L,N,S,--,SB,ALVARADO,N,20030326,19930701,,440450.587,4478116.313,4_5
269,4_6_15,20240628,4,6,15,01061,Sentido VALDECARROS,,-2,1,L,S,N,SB,--,CUATRO CAMINOS,A,20030326,19930701,,440462.98,4477681.69,4_6
270,4_6_16,20240628,4,6,16,01062,Sentido PINAR DE CHAMARTIN,,-2,2,L,N,S,--,SB,CUATRO CAMINOS,A,20030326,19930701,,440459.064,4477679.674,4_6
271,4_7_17,20240628,4,7,17,01071,Sentido VALDECARROS,,-2,1,L,S,N,SB,--,RIOS ROSAS,N,20030326,19930701,,440623.381,4477197.242,4_7
272,4_7_18,20240628,4,7,18,01072,Sentido PINAR DE CHAMARTIN,,-2,2,L,N,S,--,SB,RIOS ROSAS,N,20030326,19930701,,440618.971,4477196.706,4_7
273,4_8_19,20240628,4,8,19,01081,Sentido VALDECARROS,,-2,1,L,S,N,SB,--,IGLESIA,R,20030326,19930701,,440850.467,4476487.75,4_8
274,4_8_20,20240628,4,8,20,01082,Sentido PINAR DE CHAMARTIN,,-2,2,L,N,S,--,SB,IGLESIA,S,20030326,19930701,,440846.289,4476486.51,4_8
275,4_9_21,20240628,4,9,21,01091,Sentido VALDECARROS,,-2,1,L,S,N,SB,--,BILBAO,A,20030326,19930701,,440641.389,4475892.763,4_9
276,4_9_22,20240628,4,9,22,01092,Sentido PINAR DE CHAMARTIN,,-2,2,L,N,S,--,SB,BILBAO,A,20030326,19930701,,440638.282,4475895.813,4_9
277,4_10_23,20240628,4,10,23,01101,Sentido VALDECARROS,,-2,1,L,S,N,SB,--,TRIBUNAL,A,20030326,19930701,,440635.695,4475483.402,4_10
278,4_10_24,20240628,4,10,24,01102,Sentido PINAR DE CHAMARTIN,,-2,2,L,N,S,--,SB,TRIBUNAL,A,20030326,19930701,,440631.337,4475482.909,4_10
279,4_11_25,20240628,4,11,25,01111,Sentido VALDECARROS,,-2,1,L,S,N,SB,--,GRAN VIA,A,20030326,19930701,,440575.506,4474788.137,4_11
280,4_11_26,20240628,4,11,26,01112,Sentido PINAR DE CHAMARTIN,,-2,2,L,N,S,--,SB,GRAN VIA,A,20030326,19930701,,440571.406,4474789.554,4_11
281,4_12_27,20240628,4,12,27,01121,Sentido VALDECARROS,,,1,L,S,N,SB,--,SOL,A,20030326,19930701,,440455.663,4474479.923,4_12
282,4_12_28,20240628,4,12,28,01122,Sentido PINAR DE CHAMARTIN,,0,2,L,N,S,--,SB,SOL,A,20030326,19930701,,440449.49392,4474472.5071,4_12
283,4_13_29,20240628,4,13,29,01131,Sentido VALDECARROS,,-2,1,L,S,N,SB,--,TIRSO DE MOLINA,N,20030326,19930701,,440373.319,4473984.911,4_13
284,4_13_30,20240628,4,13,30,01132,Sentido PINAR DE CHAMARTIN,,-2,2,L,N,S,--,SB,TIRSO DE MOLINA,N,20030326,19930701,,440373.69,4473980.565,4_13
285,4_14_31,20240628,4,14,31,01141,Sentido VALDECARROS,,-2,1,L,S,N,SB,--,ANTON MARTIN,N,20030326,19930701,,440865.211,4473922.784,4_14
286,4_14_32,20240628,4,14,32,01142,Sentido PINAR DE CHAMARTIN,,-2,2,L,N,S,--,SB,ANTON MARTIN,N,20030326,19930701,,440862.649,4473919.208,4_14
287,4_15_33,20240628,4,15,33,01151,Sentido VALDECARROS,,-2,1,L,S,N,SB,--,ESTACION DEL ARTE,N,20030326,19930701,,441441.87,4473573.118,4_15
288,4_15_34,20240628,4,15,34,01152,Sentido PINAR DE CHAMARTIN,,-2,2,L,N,S,--,SB,ESTACION DEL ARTE,N,20030326,19930701,,441439.359,4473569.622,4_15
289,4_16_35,20240628,4,16,35,01161,Sentido VALDECARROS,,-2,1,L,S,N,SB,--,ATOCHA,A,20030326,19930701,,441675.653,4473371.206,4_16
290,4_16_36,20240628,4,16,36,01162,Sentido PINAR DE CHAMARTIN,,-2,2,L,N,S,--,SB,ATOCHA,A,20030326,19930701,,441672.653,4473367.995,4_16
291,4_17_37,20240628,4,17,37,01171,Sentido VALDECARROS,,-2,1,L,S,N,SB,--,MENENDEZ PELAYO,N,20030326,19930701,,442303.261,4473069.943,4_17
292,4_17_38,20240628,4,17,38,01172,Sentido PINAR DE CHAMARTIN,,-2,2,L,N,S,--,SB,MENENDEZ PELAYO,N,20030326,19930701,,442301.014,4473066.265,4_17
293,4_18_39,20240628,4,18,39,01181,Sentido VALDECARROS,,-2,1,L,S,N,SB,--,PACIFICO,N,20030326,19930701,,442756.176,4472777.553,4_18
294,4_18_40,20240628,4,18,40,01182,Sentido PINAR DE CHAMARTIN,,-2,2,L,N,S,--,SB,PACIFICO,N,20030326,19930701,,442752.975,4472774.514,4_18
295,4_19_41,20240628,4,19,41,01191,Sentido VALDECARROS,,-2,1,L,S,N,SB,--,PUENTE DE VALLECAS,N,20030326,19930701,,443344.834,4472376.657,4_19
296,4_19_42,20240628,4,19,42,01192,Sentido PINAR DE CHAMARTIN,,-2,2,L,N,S,--,SB,PUENTE DE VALLECAS,N,20030326,19930701,,443342.228,4472373.132,4_19
297,4_20_43,20240628,4,20,43,01201,Sentido VALDECARROS,,-2,1,L,S,N,SB,--,NUEVA NUMANCIA,N,20030326,19930701,,443730.371,4472104.917,4_20
298,4_20_44,20240628,4,20,44,01202,Sentido PINAR DE CHAMARTIN,,-2,2,L,N,S,--,SB,NUEVA NUMANCIA,N,20030326,19930701,,443727.256,4472101.814,4_20
299,4_21_45,20240628,4,21,45,01211,Sentido VALDECARROS,,-2,1,L,S,N,SB,--,PORTAZGO,A,20030326,19930701,,444204.512,4471772.44,4_21
300,4_21_46,20240628,4,21,46,01212,Sentido PINAR DE CHAMARTIN,,-2,2,L,N,S,--,SB,PORTAZGO,A,20030326,19930701,,444201.93,4471769.12,4_21
301,4_22_47,20240628,4,22,47,01221,Sentido VALDECARROS,,-2,1,L,S,N,SB,--,BUENOS AIRES,N,20030326,19930701,,444726.48,4471613.03,4_22
302,4_22_48,20240628,4,22,48,01222,Sentido PINAR DE CHAMARTIN,,-2,2,L,N,S,--,SB,BUENOS AIRES,N,20030326,19930701,,444726.275,4471608.646,4_22
303,4_23_49,20240628,4,23,49,01231,Sentido VALDECARROS,,-2,1,L,S,N,SB,--,ALTO DEL ARENAL,A,20030326,19930701,,445349.15,4471444.746,4_23
304,4_23_50,20240628,4,23,50,01232,Sentido PINAR DE CHAMARTIN,,-2,2,L,N,S,--,SB,ALTO DEL ARENAL,A,20030326,19930701,,445346.64,4471441.16,4_23
305,4_24_51,20240628,4,24,51,01241,Sentido VALDECARROS,,-2,1,L,S,N,SB,--,MIGUEL HERNANDEZ,A,20030326,19930701,,445889.245,4471124.929,4_24
306,4_24_52,20240628,4,24,52,01242,Sentido PINAR DE CHAMARTIN,,-2,2,L,N,S,--,SB,MIGUEL HERNANDEZ,A,20030326,19930701,,445884.049,4471117.081,4_24
307,4_24_53,20240628,4,24,53,01243,ANDEN CENTRAL,,-2,3,C,S,S,SB,SB,MIGUEL HERNANDEZ,N,20030326,19930701,,445886.644,4471121.244,4_24
308,4_25_54,20240628,4,25,54,01251,Sentido VALDECARROS,,-2,1,L,S,N,SB,--,SIERRA DE GUADALUPE,A,20030326,19930701,,447053.915,4470629.838,4_25
309,4_25_55,20240628,4,25,55,01252,Sentido PINAR DE CHAMARTIN,,-2,2,L,N,S,--,SB,SIERRA DE GUADALUPE,A,20030326,19930701,,447050.99,4470628.501,4_25
310,4_26_56,20240628,4,26,56,01261,Sentido VALDECARROS,,-2,1,L,S,N,SB,--,VILLA DE VALLECAS,A,20030326,19930701,,447367.225,4470262.138,4_26
311,4_26_57,20240628,4,26,57,01262,Sentido PINAR DE CHAMARTIN,,-2,2,L,N,S,--,SB,VILLA DE VALLECAS,A,20030326,19930701,,447364.304,4470261.742,4_26
312,4_27_58,20240628,4,27,58,01271,Sentido VALDECARROS,,-2,1,L,S,N,SB,--,CONGOSTO,A,20030326,19930701,,447566.985,4469483.23,4_27
313,4_27_59,20240628,4,27,59,01272,Sentido PINAR DE CHAMARTIN,,-2,2,L,N,S,--,SB,CONGOSTO,A,20030326,19930701,,447564.202,4469482.165,4_27
314,4_28_60,20240628,4,28,60,02011,Sentido CUATRO CAMINOS,,-2,1,L,S,N,SB,--,VENTAS,N,20030326,19930701,,443797.978,4475953.095,4_28
315,4_28_61,20240628,4,28,61,02012,Sentido LAS ROSAS,,-2,2,L,N,S,--,SB,VENTAS,N,20030326,19930701,,443795.638,4475956.768,4_28
316,4_29_62,20240628,4,29,62,02021,Sentido CUATRO CAMINOS,,-2,1,L,S,N,SB,--,MANUEL BECERRA,N,20030326,19930701,,443269.14,4475615.583,4_29
317,4_254_705,20240628,4,254,705,11041,Sentido LA FORTUNA,,-2,1,L,S,N,SB,--,SAN FRANCISCO,A,20061218,20061218,,437305.1863,4469704.4725,4_254
318,4_254_706,20240628,4,254,706,11042,Sentido PLAZA ELIPTICA,,-2,2,L,N,S,--,SB,SAN FRANCISCO,A,20061218,20061218,,437302.8981,4469712.4842,4_254
319,4_255_707,20240628,4,255,707,11051,Sentido LA FORTUNA,,-2,1,L,S,N,SB,--,CARABANCHEL ALTO,A,20061218,20061218,,436264.3316,4469529.2729,4_255
320,4_255_708,20240628,4,255,708,11052,Sentido PLAZA ELIPTICA,,-2,2,L,N,S,--,SB,CARABANCHEL ALTO,A,20061218,20061218,,436260.6107,4469531.7543,4_255
321,4_256_709,20240628,4,256,709,11061,Sentido LA FORTUNA,,-2,1,L,S,N,SB,--,LA PESETA,A,20061218,20061218,,435861.6897,4468695.8522,4_256
322,4_256_710,20240628,4,256,710,11062,Sentido PLAZA ELIPTICA,,-2,2,L,N,S,--,SB,LA PESETA,A,20061218,20061218,,435851.2126,4468700.398,4_256
323,4_260_717,20240628,4,260,717,02511,Sentido CUATRO CAMINOS,,-2,1,L,S,N,SB,--,LA ELIPA,A,20070215,20070216,,444962.4067,4475573.5023,4_260
324,4_260_718,20240628,4,260,718,02512,Sentido LAS ROSAS,,-2,2,L,N,S,--,SB,LA ELIPA,A,20070215,20070216,,444966.3095,4475582.6123,4_260
325,4_261_719,20240628,4,261,719,01511,Sentido VALDECARROS,,-4,1,L,S,N,SB,--,CHAMARTIN,A,20070328,20070330,,442160.01142,4480783.03638,4_261
326,4_261_720,20240628,4,261,720,01512,Sentido PINAR DE CHAMARTIN,,-4,2,L,N,S,--,SB,CHAMARTIN,A,20070328,20070330,,442160.78966,4480786.15011,4_261
327,4_268_733,20240628,4,268,733,03521,Sentido MONCLOA,,-2,1,L,S,N,SB,--,HOSPITAL 12 DE OCTUBRE,A,20070420,20070421,,441032.86236,4469833.80348,4_268
328,4_268_734,20240628,4,268,734,03522,Sentido VILLAVERDE ALTO,,-2,2,L,N,S,--,SB,HOSPITAL 12 DE OCTUBRE,A,20070420,20070421,,441035.20092,4469834.38793,4_268
329,4_269_735,20240628,4,269,735,03531,Sentido MONCLOA,,-3,1,L,S,N,SB,--,SAN FERMIN-ORCASUR,A,20070420,20070421,,441157.07971,4469239.32898,4_269
330,4_269_736,20240628,4,269,736,03532,Sentido VILLAVERDE ALTO,,-3,2,L,N,S,--,SB,SAN FERMIN-ORCASUR,A,20070420,20070421,,441160.17859,4469239.59983,4_269
331,4_270_737,20240628,4,270,737,03541,Sentido MONCLOA,,-2,1,L,S,N,SB,--,CIUDAD DE LOS ANGELES,A,20070420,20070421,,441231.3558,4468104.18812,4_270
332,4_270_738,20240628,4,270,738,03542,Sentido VILLAVERDE ALTO,,-2,2,L,N,S,--,SB,CIUDAD DE LOS ANGELES,A,20070420,20070421,,441234.44572,4468104.44565,4_270
333,4_271_739,20240628,4,271,739,03551,Sentido MONCLOA,,-2,1,L,S,N,SB,--,VILLAVERDE BAJO CRUCE,A,20070420,20070421,,441280.4031,4467118.48623,4_271
334,4_271_740,20240628,4,271,740,03552,Sentido VILLAVERDE ALTO,,-2,2,L,N,S,--,SB,VILLAVERDE BAJO CRUCE,A,20070420,20070421,,441283.87856,4467118.47292,4_271
335,4_272_741,20240628,4,272,741,03561,Sentido MONCLOA,,-2,1,L,S,N,SB,--,SAN CRISTOBAL,A,20070420,20070421,,441183.29769,4466079.33691,4_272
336,4_272_742,20240628,4,272,742,03562,Sentido VILLAVERDE ALTO,,-2,2,L,N,S,--,SB,SAN CRISTOBAL,A,20070420,20070421,,441185.71305,4466077.40463,4_272
337,4_273_743,20240628,4,273,743,03573,Sentido MONCLOA,Andén físico del virtual : 03574,-2,3,C,S,S,S-,-B,VILLAVERDE ALTO,A,20070420,20070421,,439630.21507,4466065.09077,4_273
338,4_273_744,20240628,4,273,744,03574,Sentido MONCLOA,"Andén virtual para sent.2 , del andén físico : 03573",-2,4,V,N,S,--,-B,VILLAVERDE ALTO,A,20070420,20070421,,439629.53052,4466051.40091,4_273
339,4_274_745,20240628,4,274,745,10511,Sentido PUERTA DEL SUR,,-1,1,L,S,N,SB,--,TRES OLIVOS,A,20070426,20070426,,441191.75952,4483827.94365,4_274
340,4_274_746,20240628,4,274,746,10514,Sentido TRES OLIVOS,"Andén virtual para 10A.sent.2 , del andén físico : 10513",-1,4,V,N,S,--,-B,TRES OLIVOS,A,20070426,20070426,,441188.40156,4483829.15248,4_274
341,4_274_747,20240628,4,274,747,10513,Sentido TRES OLIVOS,Andén físico del virtual : 10514 y 10516,-1,3,C,S,S,-B,S-,TRES OLIVOS,A,20070426,20070426,,441192.49808,4483830.96573,4_274
342,4_274_748,20240628,4,274,748,10516,Sentido HOSPITAL INFANTA SOFIA,"Andén virtual para 10B.sent.2 , del andén físico : 10513",-1,6,V,N,S,--,S-,TRES OLIVOS,A,20070426,20070426,,441189.7448,4483832.51018,4_274
343,4_275_749,20240628,4,275,749,10521,Sentido TRES OLIVOS,,-2,1,L,S,N,SB,--,MONTECARMELO,A,20070426,20070426,,441186.03664,4484349.45175,4_275
344,4_275_750,20240628,4,275,750,10522,Sentido HOSPITAL INFANTA SOFIA,,-2,2,L,N,S,--,SB,MONTECARMELO,A,20070426,20070426,,441182.15824,4484344.16304,4_275
345,4_276_751,20240628,4,276,751,10531,Sentido TRES OLIVOS,,-2,1,L,S,N,SB,--,LAS TABLAS,A,20070426,20070426,,443373.9752,4484655.82973,4_276
346,4_276_752,20240628,4,276,752,10532,Sentido HOSPITAL INFANTA SOFIA,,-2,2,L,N,S,--,SB,LAS TABLAS,A,20070426,20070426,,443370.43856,4484659.80848,4_276
347,4_277_753,20240628,4,277,753,10541,Sentido TRES OLIVOS,,-2,1,L,S,N,SB,--,RONDA DE LA COMUNICACION,A,20070426,20070426,,444008.65936,4485380.93053,4_277
348,4_277_754,20240628,4,277,754,10542,Sentido HOSPITAL INFANTA SOFIA,,-2,2,L,N,S,--,SB,RONDA DE LA COMUNICACION,A,20070426,20070426,,444001.65469,4485383.84919,4_277
349,4_278_755,20240628,4,278,755,10551,Sentido TRES OLIVOS,,-2,1,L,S,N,SB,--,LA GRANJA,A,20070426,20070426,,444305.51133,4486731.50205,4_278
350,4_278_756,20240628,4,278,756,10552,Sentido HOSPITAL INFANTA SOFIA,,-2,2,L,N,S,--,SB,LA GRANJA,A,20070426,20070426,,444300.1873,4486733.9594,4_278
351,4_279_757,20240628,4,279,757,10561,Sentido TRES OLIVOS,,-2,1,L,S,N,SB,--,LA MORALEJA,A,20070426,20070426,,446266.64951,4487186.0746,4_279
352,4_279_758,20240628,4,279,758,10562,Sentido HOSPITAL INFANTA SOFIA,,-2,2,L,N,S,--,SB,LA MORALEJA,A,20070426,20070426,,446261.69667,4487188.19709,4_279
353,4_280_759,20240628,4,280,759,10571,Sentido TRES OLIVOS,,-3,1,L,S,N,SB,--,MARQUES DE LA VALDAVIA,A,20070426,20070426,,446085.42045,4488211.83178,4_280
354,4_280_760,20240628,4,280,760,10572,Sentido HOSPITAL INFANTA SOFIA,,-3,2,L,N,S,--,SB,MARQUES DE LA VALDAVIA,A,20070426,20070426,,446078.50051,4488206.88893,4_280
355,4_281_761,20240628,4,281,761,10581,Sentido TRES OLIVOS,,-2,1,L,S,N,SB,--,MANUEL DE FALLA,A,20070426,20070426,,445314.4296,4489238.46807,4_281
356,4_281_762,20240628,4,281,762,10582,Sentido HOSPITAL INFANTA SOFIA,,-2,2,L,N,S,--,SB,MANUEL DE FALLA,A,20070426,20070426,,445312.4223,4489240.47537,4_281
357,4_282_763,20240628,4,282,763,10591,Sentido TRES OLIVOS,,-2,1,L,S,N,SB,--,BAUNATAL,A,20070426,20070426,,446297.79293,4489702.04209,4_282
358,4_282_764,20240628,4,282,764,10592,Sentido HOSPITAL INFANTA SOFIA,,-2,2,L,N,S,--,SB,BAUNATAL,A,20070426,20070426,,446297.37616,4489705.79377,4_282
359,4_283_765,20240628,4,283,765,10601,Sentido TRES OLIVOS,,-2,1,L,S,N,SB,--,REYES CATOLICOS,A,20070426,20070426,,447272.4753,4489296.93002,4_283
360,4_283_766,20240628,4,283,766,10602,Sentido HOSPITAL INFANTA SOFIA,,-2,2,L,N,S,--,SB,REYES CATOLICOS,A,20070426,20070426,,447273.78397,4489301.1827,4_283
361,4_284_767,20240628,4,284,767,10611,Sentido TRES OLIVOS,,-2,1,L,S,N,SB,--,HOSPITAL INFANTA SOFIA,A,20070426,20070426,,448344.73002,4490284.32407,4_284
362,4_284_768,20240628,4,284,768,10612,Sentido HOSPITAL INFANTA SOFIA,,-2,2,L,N,S,--,SB,HOSPITAL INFANTA SOFIA,A,20070426,20070426,,448341.53898,4490287.51511,4_284
363,4_293_787,20240628,4,293,787,01281,Sentido VALDECARROS,,-2,1,L,S,N,SB,--,LA GAVIA,A,20070516,20070516,,448062.27549,4469235.54453,4_293
364,4_293_788,20240628,4,293,788,01282,Sentido PINAR DE CHAMARTIN,,-2,2,L,N,S,--,SB,LA GAVIA,A,20070516,20070516,,448063.5985,4469220.99247,4_293
365,4_294_789,20240628,4,294,789,01291,Sentido VALDECARROS,,-2,1,L,S,N,SB,--,LAS SUERTES,A,20070516,20070516,,449173.52772,4468537.70466,4_294
366,4_294_790,20240628,4,294,790,01292,Sentido PINAR DE CHAMARTIN,,-2,2,L,N,S,--,SB,LAS SUERTES,A,20070516,20070516,,449165.2922,4468525.98933,4_294
367,4_285_769,20240628,4,285,769,08081,Sentido AEROPUERTO T4,,-1,1,L,S,N,SB,--,AEROPUERTO T-4,A,20070503,20070503,,449829.87178,4482808.46973,4_285
368,4_285_770,20240628,4,285,770,08082,Sentido NUEVOS MINISTERIOS,,-1,2,L,N,S,--,SB,AEROPUERTO T-4,A,20070503,20070503,,449831.60618,4482808.48867,4_285
369,4_286_771,20240628,4,286,771,07511,Sentido PITIS,,-2,1,L,S,N,SB,--,ESTADIO METROPOLITANO,A,20070508,20070505,,449223.70807,4476239.9334,4_286
370,4_286_772,20240628,4,286,772,07514,Sentido ESTADIO METROPOLITANO,"Andén virtual para 7A.sent.2 , del andén físico : 07513",-2,4,V,N,S,--,-B,ESTADIO METROPOLITANO,A,20070508,20070505,,449227.79946,4476235.84201,4_286
371,4_286_773,20240628,4,286,773,07513,Sentido ESTADIO METROPOLITANO,Andén físico del virtual : 07514,-2,3,C,S,S,-B,S-,ESTADIO METROPOLITANO,A,20070508,20070505,,449208.16119,4476220.70422,4_286
372,4_286_774,20240628,4,286,774,07512,Sentido HOSPITAL DEL HENARES,,-2,2,L,N,S,--,S-,ESTADIO METROPOLITANO,A,20070508,20070505,,449212.25232,4476217.02217,4_286
373,4_287_775,20240628,4,287,775,07541,Sentido ESTADIO METROPOLITANO,,-2,1,L,S,N,SB,--,BARRIO DEL PUERTO,A,20070508,20070505,,451853.21821,4475027.72015,4_287
374,4_287_776,20240628,4,287,776,07542,Sentido HOSPITAL DEL HENARES,,-2,2,L,N,S,--,SB,BARRIO DEL PUERTO,A,20070508,20070505,,451854.54122,4475031.15977,4_287
375,4_288_777,20240628,4,288,777,07551,Sentido ESTADIO METROPOLITANO,,-2,1,L,S,N,SB,--,COSLADA CENTRAL,A,20070508,20070505,,452461.17674,4475144.07548,4_288
376,4_288_778,20240628,4,288,778,07552,Sentido HOSPITAL DEL HENARES,,-2,2,L,N,S,--,SB,COSLADA CENTRAL,A,20070508,20070505,,452458.50973,4475145.95785,4_288
377,4_289_779,20240628,4,289,779,07561,Sentido ESTADIO METROPOLITANO,,-2,1,L,S,N,SB,--,LA RAMBLA,A,20070508,20070505,,453571.59953,4475328.27081,4_289
378,4_289_780,20240628,4,289,780,07562,Sentido HOSPITAL DEL HENARES,,-2,2,L,N,S,--,SB,LA RAMBLA,A,20070508,20070505,,453573.02161,4475331.35177,4_289
379,4_290_781,20240628,4,290,781,07571,Sentido ESTADIO METROPOLITANO,,-2,1,L,S,N,SB,--,SAN FERNANDO,A,20070508,20070505,,454664.13278,4475228.19171,4_290
380,4_290_782,20240628,4,290,782,07572,Sentido HOSPITAL DEL HENARES,,-2,2,L,N,S,--,SB,SAN FERNANDO,A,20070508,20070505,,454664.13278,4475232.22473,4_290
381,4_291_783,20240628,4,291,783,07581,Sentido ESTADIO METROPOLITANO,,-2,1,L,S,N,SB,--,JARAMA,A,20070508,20070505,,455542.46417,4475096.80611,4_291
382,4_291_784,20240628,4,291,784,07582,Sentido HOSPITAL DEL HENARES,,-2,2,L,N,S,--,SB,JARAMA,A,20070508,20070505,,455545.94014,4475097.43791,4_291
383,4_292_785,20240628,4,292,785,07591,Sentido ESTADIO METROPOLITANO,,-2,1,L,S,N,SB,--,HENARES,A,20070508,20070505,,455333.26148,4474429.68649,4_292
384,4_292_786,20240628,4,292,786,07592,Sentido HOSPITAL DEL HENARES,,-2,2,L,N,S,--,SB,HENARES,A,20070508,20070505,,455333.83646,4474427.0031,4_292
385,4_295_791,20240628,4,295,791,01301,Sentido VALDECARROS,,-2,1,L,S,N,SB,--,VALDECARROS,A,20070516,20070516,,449879.96663,4468079.97436,4_295
386,4_295_792,20240628,4,295,792,01302,Sentido PINAR DE CHAMARTIN,,-2,2,L,N,S,--,SB,VALDECARROS,A,20070516,20070516,,449872.02909,4468064.09954,4_295
387,4_152_320,20240628,4,152,320,07212,Sentido ESTADIO METROPOLITANO,,-2,2,L,N,S,--,SB,LACOMA,A,20030326,19930701,,438831.605,4482045.54,4_152
388,4_153_321,20240628,4,153,321,07221,Sentido PITIS,,-2,1,L,S,N,SB,--,ARROYOFRESNO,A,20030326,19990330,,438578.9078,4482704.0994,4_153
389,4_153_322,20240628,4,153,322,07222,Sentido ESTADIO METROPOLITANO,,-2,2,L,N,S,--,SB,ARROYOFRESNO,A,20030326,19990330,,438583.1543,4482705.1746,4_153
390,4_154_323,20240628,4,154,323,07231,Sentido PITIS,,-2,1,L,S,N,SB,--,PITIS,A,20030326,19930701,,438661.709,4483219.397,4_154
391,4_154_324,20240628,4,154,324,07232,Sentido ESTADIO METROPOLITANO,,-2,2,L,N,S,--,SB,PITIS,A,20030326,19930701,,438665.458,4483216.243,4_154
392,4_155_325,20240628,4,155,325,08011,Sentido AEROPUERTO T4,,-2,1,L,S,N,SB,--,NUEVOS MINISTERIOS,A,20030326,20020101,,441428.40412,4477312.92208,4_155
393,4_155_326,20240628,4,155,326,08012,Sentido NUEVOS MINISTERIOS,,-2,2,L,N,S,--,SB,NUEVOS MINISTERIOS,A,20030326,20020101,,441433.27094,4477312.33763,4_155
394,4_156_327,20240628,4,156,327,08021,Sentido AEROPUERTO T4,,-2,1,L,S,N,SB,--,COLOMBIA,A,20030326,20020101,,442715.46281,4478925.05289,4_156
395,4_156_328,20240628,4,156,328,08022,Sentido NUEVOS MINISTERIOS,,-2,2,L,N,S,--,SB,COLOMBIA,A,20030326,20020101,,442715.63126,4478920.10134,4_156
396,4_157_329,20240628,4,157,329,08041,Sentido AEROPUERTO T4,,-3,1,L,S,N,SB,--,MAR DE CRISTAL,A,20030326,19980101,,445978.682,4480316.567,4_157
397,4_157_330,20240628,4,157,330,08042,Sentido NUEVOS MINISTERIOS,,-3,2,L,N,S,--,SB,MAR DE CRISTAL,A,20030326,19980101,,445978.826,4480311.602,4_157
398,4_158_331,20240628,4,158,331,08053,ANDEN CENTRAL,Andén físico del virtual : 08054,-2,3,C,S,S,SB,SB,FERIA DE MADRID,A,20030326,19980101,,447959.462,4479654.839,4_158
399,4_158_332,20240628,4,158,332,08054,Sentido NUEVOS MINISTERIOS,"Andén virtual para sent.2 , del andén físico : 08053",-2,4,V,N,S,--,SB,FERIA DE MADRID,A,20030326,19980101,,447961.88,4479640.4,4_158
400,4_159_333,20240628,4,159,333,08061,Sentido AEROPUERTO T4,,-2,1,L,S,N,SB,--,AEROPUERTO T1-T2-T3,A,20030326,19980101,,451636.23,4480054.895,4_159
401,4_159_334,20240628,4,159,334,08062,Sentido NUEVOS MINISTERIOS,,-2,2,L,N,S,--,SB,AEROPUERTO T1-T2-T3,A,20030326,19980101,,451641.109,4480054.771,4_159
402,4_160_335,20240628,4,160,335,08071,Sentido AEROPUERTO T4,,-2,1,L,S,N,SB,--,BARAJAS,A,20030326,19980101,,450658.597,4480980.327,4_160
403,4_160_336,20240628,4,160,336,08072,Sentido NUEVOS MINISTERIOS,,-2,2,L,N,S,--,SB,BARAJAS,A,20030326,19980101,,450661.987,4480983.944,4_160
404,4_161_337,20240628,4,161,337,09012,Sentido PUERTA DE ARGANDA,,-2,2,L,S,N,SB,--,HERRERA ORIA,N,20030326,19930701,,440115.925,4482003.483,4_161
405,4_161_338,20240628,4,161,338,09011,Sentido PACO DE LUCIA,,-2,1,L,N,S,--,SB,HERRERA ORIA,N,20030326,19930701,,440112.705,4481999.75,4_161
406,4_162_339,20240628,4,162,339,09022,Sentido PUERTA DE ARGANDA,,-2,2,L,S,N,SB,--,BARRIO DEL PILAR,N,20030326,19930701,,440491.304,4481141.764,4_162
407,4_162_340,20240628,4,162,340,09021,Sentido PACO DE LUCIA,,-2,1,L,N,S,--,SB,BARRIO DEL PILAR,N,20030326,19930701,,440486.431,4481141.054,4_162
408,4_163_341,20240628,4,163,341,09032,Sentido PUERTA DE ARGANDA,,-2,2,L,S,N,SB,--,VENTILLA,N,20030326,19930701,,441086.993,4480354.791,4_163
409,4_163_342,20240628,4,163,342,09031,Sentido PACO DE LUCIA,,-2,1,L,N,S,--,SB,VENTILLA,N,20030326,19930701,,441083.108,4480351.586,4_163
410,4_164_343,20240628,4,164,343,09042,Sentido PUERTA DE ARGANDA,,-3,2,L,S,N,SB,--,PLAZA DE CASTILLA,N,20030326,19930701,,441811.984,4479961.386,4_164
411,4_164_344,20240628,4,164,344,09041,Sentido PACO DE LUCIA,,-3,1,L,N,S,--,SB,PLAZA DE CASTILLA,N,20030326,19930701,,441814.895,4479957.067,4_164
412,4_165_345,20240628,4,165,345,09052,Sentido PUERTA DE ARGANDA,,-2,2,L,S,N,SB,--,DUQUE DE PASTRANA,N,20030326,19930701,,442415.357,4480083.221,4_165
413,4_165_346,20240628,4,165,346,09051,Sentido PACO DE LUCIA,,-2,1,L,N,S,--,SB,DUQUE DE PASTRANA,N,20030326,19930701,,442415.78,4480078.325,4_165
414,4_166_347,20240628,4,166,347,09062,Sentido PUERTA DE ARGANDA,,-2,2,L,S,N,SB,--,PIO XII,N,20030326,19930701,,442810.977,4479663.66,4_166
415,4_166_348,20240628,4,166,348,09061,Sentido PACO DE LUCIA,,-2,1,L,N,S,--,SB,PIO XII,N,20030326,19930701,,442806.154,4479664.477,4_166
416,4_167_349,20240628,4,167,349,09072,Sentido PUERTA DE ARGANDA,,-3,2,L,S,N,SB,--,COLOMBIA,A,20030326,19930701,,442717.23,4478966.004,4_167
417,4_167_350,20240628,4,167,350,09071,Sentido PACO DE LUCIA,,-3,1,L,N,S,--,SB,COLOMBIA,A,20030326,19930701,,442712.331,4478966.543,4_167
418,4_168_351,20240628,4,168,351,09082,Sentido PUERTA DE ARGANDA,,-2,2,L,S,N,SB,--,CONCHA ESPINA,N,20030326,19930701,,442649.863,4478244.564,4_168
419,4_168_352,20240628,4,168,352,09081,Sentido PACO DE LUCIA,,-2,1,L,N,S,--,SB,CONCHA ESPINA,N,20030326,19930701,,442644.976,4478244.809,4_168
420,4_169_353,20240628,4,169,353,09092,Sentido PUERTA DE ARGANDA,,-2,2,L,S,N,SB,--,CRUZ DEL RAYO,N,20030326,19930701,,442583.239,4477529.325,4_169
421,4_169_354,20240628,4,169,354,09091,Sentido PACO DE LUCIA,,-2,1,L,N,S,--,SB,CRUZ DEL RAYO,N,20030326,19930701,,442578.331,4477529.433,4_169
422,4_170_355,20240628,4,170,355,09102,Sentido PUERTA DE ARGANDA,,-4,2,L,S,S,SB,--,AVENIDA DE AMERICA,A,20030326,19930701,,442519.29821,4476822.49571,4_170
423,4_170_356,20240628,4,170,356,09101,Sentido PACO DE LUCIA,,-4,1,L,S,S,--,SB,AVENIDA DE AMERICA,A,20030326,19930701,,442514.37302,4476822.36566,4_170
424,4_171_357,20240628,4,171,357,09112,Sentido PUERTA DE ARGANDA,,-3,2,L,S,N,SB,--,NUÑEZ DE BALBOA,N,20030326,19930701,,442466.982,4476096.3,4_171
425,4_171_358,20240628,4,171,358,09111,Sentido PACO DE LUCIA,,-3,1,L,N,S,--,SB,NUÑEZ DE BALBOA,N,20030326,19930701,,442462.063,4476096.752,4_171
426,4_172_359,20240628,4,172,359,09122,Sentido PUERTA DE ARGANDA,,-2,2,L,S,N,SB,--,PRINCIPE DE VERGARA,A,20030326,19930701,,442407.934,4475272.683,4_172
427,4_172_360,20240628,4,172,360,09121,Sentido PACO DE LUCIA,,-2,1,L,N,S,--,SB,PRINCIPE DE VERGARA,A,20030326,19930701,,442403.055,4475273.155,4_172
428,4_173_361,20240628,4,173,361,09132,Sentido PUERTA DE ARGANDA,,-2,2,L,S,N,SB,--,IBIZA,N,20030326,19930701,,442508.012,4474565.851,4_173
429,4_173_362,20240628,4,173,362,09131,Sentido PACO DE LUCIA,,-2,1,L,N,S,--,SB,IBIZA,N,20030326,19930701,,442503.128,4474565.15,4_173
430,4_174_363,20240628,4,174,363,09142,Sentido PUERTA DE ARGANDA,,-2,2,L,S,N,SB,--,SAINZ DE BARANDA,N,20030326,19930701,,443235.686,4474184.174,4_174
431,4_174_364,20240628,4,174,364,09141,Sentido PACO DE LUCIA,,-2,1,L,N,S,--,SB,SAINZ DE BARANDA,N,20030326,19930701,,443235.766,4474179.208,4_174
432,4_175_365,20240628,4,175,365,09152,Sentido PUERTA DE ARGANDA,,-2,2,L,S,N,SB,--,ESTRELLA,N,20030326,19930701,,443958.948,4473848.75,4_175
433,4_175_366,20240628,4,175,366,09151,Sentido PACO DE LUCIA,,-2,1,L,N,S,--,SB,ESTRELLA,N,20030326,19930701,,443956.861,4473844.277,4_175
434,4_176_367,20240628,4,176,367,09162,Sentido PUERTA DE ARGANDA,,-2,2,L,S,N,SB,--,VINATEROS,N,20030326,19930701,,444836.583,4473689.053,4_176
435,4_176_368,20240628,4,176,368,09161,Sentido PACO DE LUCIA,,-2,1,L,N,S,--,SB,VINATEROS,N,20030326,19930701,,444834.154,4473684.732,4_176
436,4_177_369,20240628,4,177,369,09172,Sentido PUERTA DE ARGANDA,,-2,2,L,S,N,SB,--,ARTILLEROS,N,20030326,19930701,,445550.966,4473238.33,4_177
437,4_177_370,20240628,4,177,370,09171,Sentido PACO DE LUCIA,,-2,1,L,N,S,--,SB,ARTILLEROS,N,20030326,19930701,,445546.922,4473235.334,4_177
438,4_178_371,20240628,4,178,371,09182,Sentido PUERTA DE ARGANDA,,-2,2,L,S,N,SB,--,PAVONES,A,20030326,19930701,,446219.647,4472622.955,4_178
439,4_178_372,20240628,4,178,372,09181,Sentido PACO DE LUCIA,,-2,1,L,N,S,--,SB,PAVONES,A,20030326,19930701,,446217.635,4472618.475,4_178
440,4_179_373,20240628,4,179,373,09192,Sentido PUERTA DE ARGANDA,,-2,2,L,S,N,SB,--,VALDEBERNARDO,A,20030326,19930701,,447362.781,4472550.223,4_179
441,4_179_374,20240628,4,179,374,09191,Sentido PACO DE LUCIA,,-2,1,L,N,S,--,SB,VALDEBERNARDO,A,20030326,19930701,,447366.333,4472545.237,4_179
442,4_180_375,20240628,4,180,375,09202,Sentido PUERTA DE ARGANDA,,-2,2,L,S,N,SB,--,VICALVARO,A,20030326,19930701,,448401.264,4473011.694,4_180
443,4_180_376,20240628,4,180,376,09201,Sentido PACO DE LUCIA,,-2,1,L,N,S,--,SB,VICALVARO,A,20030326,19930701,,448400.671,4473006.765,4_180
444,4_181_377,20240628,4,181,377,09212,Sentido PUERTA DE ARGANDA,,-2,2,L,S,N,SB,--,SAN CIPRIANO,A,20030326,19930701,,448912.217,4472978.532,4_181
445,4_181_378,20240628,4,181,378,09211,Sentido PACO DE LUCIA,,-2,1,L,N,S,--,SB,SAN CIPRIANO,A,20030326,19930701,,448912.34,4472973.601,4_181
446,4_182_379,20240628,4,182,379,09222,Sentido PUERTA DE ARGANDA,,-2,2,L,S,N,SB,--,PUERTA DE ARGANDA,A,20030326,19930701,,449471.427,4472708.782,4_182
447,4_182_380,20240628,4,182,380,09223,ANDEN CENTRAL,Andén físico del virtual : 09224 y 09226,-2,3,C,S,S,SB,SB,PUERTA DE ARGANDA,A,20030326,19930701,,449474.747,4472705.506,4_182
448,4_182_381,20240628,4,182,381,09224,Sentido PACO DE LUCIA,"Andén virtual para 9A.sent.2 , del andén físico : 09223",-2,4,V,N,S,--,S-,PUERTA DE ARGANDA,A,20030326,19930701,,449461.138,4472699.437,4_182
449,4_182_382,20240628,4,182,382,09226,Sentido PUERTA DE ARGANDA,"Andén virtual para 9B.sent.2 , del andén físico : 09223",-2,6,V,N,S,--,-B,PUERTA DE ARGANDA,A,20030326,19930701,,449463.926,4472696.649,4_182
450,4_183_383,20240628,4,183,383,09243,ANDEN CENTRAL,Andén físico del virtual : 09244,-1,3,C,S,S,SB,SB,RIVAS URBANIZACIONES,A,20030326,19990401,,453641.819,4468831.648,4_183
451,4_183_384,20240628,4,183,384,09244,Sentido PUERTA DE ARGANDA,"Andén virtual para sent.2 , del andén físico : 09243",-1,4,V,N,S,--,SB,RIVAS URBANIZACIONES,A,20030326,19990401,,453631.194,4468823.235,4_183
452,4_184_385,20240628,4,184,385,09262,Sentido ARGANDA DEL REY,,1,2,L,S,N,SB,--,RIVAS VACIAMADRID,A,20030326,19990407,,455887.731,4464541.679,4_184
453,4_184_386,20240628,4,184,386,09261,Sentido PUERTA DE ARGANDA,,1,1,L,N,S,--,SB,RIVAS VACIAMADRID,A,20030326,19990407,,455882.539,4464541.094,4_184
454,4_185_387,20240628,4,185,387,09272,Sentido ARGANDA DEL REY,,1,2,L,S,N,SB,--,LA POVEDA,A,20030326,19990407,,459548.342,4463484.381,4_185
455,4_185_388,20240628,4,185,388,09271,Sentido PUERTA DE ARGANDA,,1,1,L,N,S,--,SB,LA POVEDA,A,20030326,19990407,,459547.639,4463479.523,4_185
456,4_186_389,20240628,4,186,389,09283,ANDEN CENTRAL,Andén físico del virtual : 09284,-1,3,C,S,S,-B,S-,ARGANDA DEL REY,A,20030326,19990407,,462072.804,4461853.707,4_186
457,4_186_390,20240628,4,186,390,09284,Sentido PUERTA DE ARGANDA,"Andén virtual para sent.2 , del andén físico : 09283",-1,4,V,N,S,--,S-,ARGANDA DEL REY,A,20030326,19990407,,462059.153,4461853.173,4_186
458,4_187_391,20240628,4,187,391,10011,Sentido PUERTA DEL SUR,,-2,1,L,S,N,SB,--,FUENCARRAL,N,20030326,19980101,,441469.653,4483106.277,4_187
459,4_187_392,20240628,4,187,392,10012,Sentido TRES OLIVOS,,-2,2,L,N,S,--,SB,FUENCARRAL,N,20030326,19980101,,441464.947,4483104.66,4_187
460,4_188_393,20240628,4,188,393,10021,Sentido PUERTA DEL SUR,,-2,1,L,S,N,SB,--,BEGOÑA,N,20030326,19980101,,441945.885,4481768.686,4_188
461,4_188_394,20240628,4,188,394,10022,Sentido TRES OLIVOS,,-2,2,L,N,S,--,SB,BEGOÑA,N,20030326,19980101,,441941.474,4481766.428,4_188
462,4_189_395,20240628,4,189,395,10031,Sentido PUERTA DEL SUR,,-3,1,L,S,N,SB,--,CHAMARTIN,A,20030326,19980101,,442181,4480793.654,4_189
463,4_189_396,20240628,4,189,396,10032,Sentido TRES OLIVOS,,-3,2,L,N,S,--,SB,CHAMARTIN,A,20030326,19980101,,442176.341,4480795.395,4_189
464,4_190_397,20240628,4,190,397,10041,Sentido PUERTA DEL SUR,,-3,1,L,S,N,SB,--,PLAZA DE CASTILLA,N,20030326,19980101,,441776.414,4480065.937,4_190
465,4_190_398,20240628,4,190,398,10042,Sentido TRES OLIVOS,,-3,2,L,N,S,--,SB,PLAZA DE CASTILLA,N,20030326,19980101,,441772.775,4480069.313,4_190
466,4_191_399,20240628,4,191,399,10051,Sentido PUERTA DEL SUR,,-2,1,L,S,N,SB,--,CUZCO,N,20030326,19980101,,441612.092,4479194.075,4_191
467,4_191_400,20240628,4,191,400,10052,Sentido TRES OLIVOS,,-2,2,L,N,S,--,SB,CUZCO,N,20030326,19980101,,441607.169,4479193.98,4_191
468,4_192_401,20240628,4,192,401,10061,Sentido PUERTA DEL SUR,,-2,1,L,S,N,SB,--,SANTIAGO BERNABEU,N,20030326,19980101,,441546.948,4478400.431,4_192
469,4_192_402,20240628,4,192,402,10062,Sentido TRES OLIVOS,,-2,2,L,N,S,--,SB,SANTIAGO BERNABEU,N,20030326,19980101,,441542.06172,4478400.67222,4_192
470,4_193_403,20240628,4,193,403,10071,Sentido PUERTA DEL SUR,,-3,1,L,S,N,SB,--,NUEVOS MINISTERIOS,A,20030326,19980101,,441482.243,4477610.932,4_193
471,4_193_404,20240628,4,193,404,10072,Sentido TRES OLIVOS,,-3,2,L,N,S,--,SB,NUEVOS MINISTERIOS,A,20030326,19980101,,441477.311,4477610.808,4_193
472,4_194_405,20240628,4,194,405,10081,Sentido PUERTA DEL SUR,,-2,1,L,S,N,SB,--,GREGORIO MARAÑON,A,20030326,19980101,,441486.091,4476755.888,4_194
473,4_194_406,20240628,4,194,406,10082,Sentido TRES OLIVOS,,-2,2,L,N,S,--,SB,GREGORIO MARAÑON,A,20030326,19980101,,441481.186,4476755.579,4_194
474,4_195_407,20240628,4,195,407,10091,Sentido PUERTA DEL SUR,,-4,1,L,S,N,SB,--,ALONSO MARTINEZ,N,20030326,19930701,,441050.734,4475772.161,4_195
475,4_195_408,20240628,4,195,408,10092,Sentido TRES OLIVOS,,-4,2,L,N,S,--,SB,ALONSO MARTINEZ,N,20030326,19930701,,441045.864,4475776.46,4_195
476,4_196_409,20240628,4,196,409,10101,Sentido PUERTA DEL SUR,,-3,1,L,S,N,SB,--,TRIBUNAL,A,20030326,19930701,,440542.351,4475472.838,4_196
477,4_196_410,20240628,4,196,410,10102,Sentido TRES OLIVOS,,-3,2,L,N,S,--,SB,TRIBUNAL,A,20030326,19930701,,440539.913,4475478.98,4_196
478,4_197_411,20240628,4,197,411,10111,Sentido PUERTA DEL SUR,,-4,1,L,S,N,SB,--,PLAZA DE ESPAÑA,A,20030326,19930701,,439915.889,4475274.874,4_197
479,4_197_412,20240628,4,197,412,10112,Sentido TRES OLIVOS,,-4,2,L,N,S,--,SB,PLAZA DE ESPAÑA,A,20030326,19930701,,439914.019,4475279.306,4_197
480,4_198_413,20240628,4,198,413,10121,Sentido PUERTA DEL SUR,Andén compartido con línea 6 sent.1 Es el andén virtual del físico : 6251,-2,1,V,S,N,SB,--,PRINCIPE PIO,A,20030326,19940101,,439113.152,4474938.783,4_198
481,4_198_414,20240628,4,198,414,10122,Sentido TRES OLIVOS,Andén compartido con línea 6 sent.2 Es el andén virtual del físico : 6252,-2,2,V,N,S,--,SB,PRINCIPE PIO,A,20030326,19940101,,439084.537,4474959.26,4_198
482,4_199_415,20240628,4,199,415,10131,Sentido PUERTA DEL SUR,,-1,1,L,S,N,SB,--,LAGO,A,20030326,19930701,,437686.053,4474438.935,4_199
483,4_199_416,20240628,4,199,416,10132,Sentido TRES OLIVOS,,-1,2,L,N,S,--,SB,LAGO,A,20030326,19930701,,437685.489,4474445.81,4_199
484,4_200_417,20240628,4,200,417,10141,Sentido PUERTA DEL SUR,,-2,1,L,S,S,SB,--,BATAN,A,20030326,19930701,,436184.85826,4473487.72886,4_200
485,4_200_418,20240628,4,200,418,10142,Sentido TRES OLIVOS,,-2,2,L,S,S,--,SB,BATAN,A,20030326,19930701,,436182.64258,4473492.14051,4_200
486,4_201_419,20240628,4,201,419,10151,Sentido PUERTA DEL SUR,Andén compartido con línea 5 sent.1 Es el andén virtual del físico : 5301,-2,1,V,S,N,SB,--,CASA DE CAMPO,A,20030326,20021022,,435454.131,4472933.06,4_201
487,4_201_420,20240628,4,201,420,10152,Sentido TRES OLIVOS,Andén compartido con línea 5 sent.2 Es el andén virtual del físico : 5302,-2,2,V,N,S,--,SB,CASA DE CAMPO,A,20030326,20021022,,435433.973,4472947.027,4_201
488,4_202_421,20240628,4,202,421,10161,Sentido PUERTA DEL SUR,,-3,1,L,S,N,SB,--,COLONIA JARDIN,A,20030326,20021022,,434345.36898,4472280.89519,4_202
489,4_202_422,20240628,4,202,422,10162,Sentido TRES OLIVOS,,-3,2,L,N,S,--,SB,COLONIA JARDIN,A,20030326,20021022,,434342.26012,4472284.68732,4_202
490,4_203_423,20240628,4,203,423,10191,Sentido PUERTA DEL SUR,,-2,1,L,S,N,SB,--,CUATRO VIENTOS,A,20030326,20030101,,432791.398,4470119.221,4_203
491,4_203_424,20240628,4,203,424,10192,Sentido TRES OLIVOS,,-2,2,L,N,S,--,SB,CUATRO VIENTOS,A,20030326,20030101,,432787.12258,4470122.06793,4_203
492,4_204_425,20240628,4,204,425,10203,ANDEN CENTRAL,Andén físico del virtual : 10204,-2,3,C,S,S,SB,SB,JOAQUIN VILUMBRALES,A,20030326,20030101,,431597.595,4467159.47,4_204
493,4_204_426,20240628,4,204,426,10204,Sentido TRES OLIVOS,"Andén virtual para sent.2 , del andén físico : 10203",-2,4,V,N,S,--,SB,JOAQUIN VILUMBRALES,A,20030326,20030101,,431579.846,4467170.34,4_204
494,4_205_427,20240628,4,205,427,10211,Sentido PUERTA DEL SUR,,-2,1,L,S,N,SB,--,PUERTA DEL SUR,A,20030326,20030101,,431143.617,4466597.054,4_205
495,4_205_428,20240628,4,205,428,10212,Sentido TRES OLIVOS,,-2,2,L,N,S,--,SB,PUERTA DEL SUR,A,20030326,20030101,,431139.504,4466599.739,4_205
496,4_206_429,20240628,4,206,429,11011,Sentido LA FORTUNA,,-2,1,L,N,N,--,--,PLAZA ELIPTICA,A,20030326,19930701,,439103.53219,4470916.72162,4_206
497,4_206_430,20240628,4,206,430,11012,Sentido PLAZA ELIPTICA,,-2,2,L,S,S,SB,SB,PLAZA ELIPTICA,A,20030326,19930701,,439100.09103,4470920.20143,4_206
498,4_207_431,20240628,4,207,431,11021,Sentido LA FORTUNA,,-2,1,L,S,N,SB,--,ABRANTES,A,20030326,19930701,,438341.427,4470516.32,4_207
499,4_207_432,20240628,4,207,432,11022,Sentido PLAZA ELIPTICA,,-2,2,L,N,S,--,SB,ABRANTES,A,20030326,19930701,,438337.373,4470519.192,4_207
500,4_208_433,20240628,4,208,433,11031,Sentido LA FORTUNA,,-2,1,L,S,N,SB,--,PAN BENDITO,A,20030326,19930701,,437790.283,4469960.852,4_208
501,4_208_434,20240628,4,208,434,11032,Sentido PLAZA ELIPTICA,,-2,2,L,N,S,--,SB,PAN BENDITO,A,20030326,19930701,,437786.68,4469964.217,4_208
502,4_209_435,20240628,4,209,435,12011,ANDEN 1,,-3,1,L,S,N,SB,--,PUERTA DEL SUR,A,20030326,20030101,,431145.484,4466592.917,4_209
503,4_209_436,20240628,4,209,436,12012,ANDEN 2,,-3,2,L,N,S,--,SB,PUERTA DEL SUR,A,20030326,20030101,,431148.202,4466597.03,4_209
504,4_210_437,20240628,4,210,437,12021,ANDEN 1,,-2,1,L,S,N,SB,--,PARQUE LISBOA,A,20030326,20030101,,430445.517,4467048.934,4_210
505,4_210_438,20240628,4,210,438,12022,ANDEN 2,,-2,2,L,N,S,--,SB,PARQUE LISBOA,A,20030326,20030101,,430447.878,4467053.398,4_210
506,4_211_439,20240628,4,211,439,12031,ANDEN 1,,-2,1,L,S,N,SB,--,ALCORCON CENTRAL,A,20030326,20030101,,429408.694,4467070.063,4_211
507,4_211_440,20240628,4,211,440,12032,ANDEN 2,,-2,2,L,N,S,--,SB,ALCORCON CENTRAL,A,20030326,20030101,,429405.472,4467073.802,4_211
508,4_212_441,20240628,4,212,441,12041,ANDEN 1,,-2,1,L,S,N,SB,--,PARQUE OESTE,A,20030326,20030101,,428066.167,4466713.849,4_212
509,4_212_442,20240628,4,212,442,12042,ANDEN 2,,-2,2,L,N,S,--,SB,PARQUE OESTE,A,20030326,20030101,,428064.713,4466718.526,4_212
510,4_213_443,20240628,4,213,443,12051,ANDEN 1,,-2,1,L,S,N,SB,--,UNIVERSIDAD REY JUAN CARLOS,A,20030326,20030101,,426025.352,4465574.009,4_213
511,4_213_444,20240628,4,213,444,12052,ANDEN 2,,-2,2,L,N,S,--,SB,UNIVERSIDAD REY JUAN CARLOS,A,20030326,20030101,,426020.423,4465573.559,4_213
512,4_214_445,20240628,4,214,445,12061,ANDEN 1,,-3,1,L,S,N,SB,--,MOSTOLES CENTRAL,A,20030326,20030101,,426790.342,4464729.024,4_214
513,4_214_446,20240628,4,214,446,12062,ANDEN 2,,-3,2,L,N,S,--,SB,MOSTOLES CENTRAL,A,20030326,20030101,,426785.535,4464727.936,4_214
514,4_215_447,20240628,4,215,447,12071,ANDEN 1,,-2,1,L,S,N,SB,--,PRADILLO,A,20030326,20030101,,426675.632,4464079.764,4_215
515,4_215_448,20240628,4,215,448,12072,ANDEN 2,,-2,2,L,N,S,--,SB,PRADILLO,A,20030326,20030101,,426671.907,4464082.922,4_215
516,4_216_449,20240628,4,216,449,12081,ANDEN 1,,-2,1,L,S,N,SB,--,HOSPITAL DE MOSTOLES,A,20030326,20030101,,425867.529,4463508.87,4_216
517,4_216_450,20240628,4,216,450,12082,ANDEN 2,,-2,2,L,N,S,--,SB,HOSPITAL DE MOSTOLES,A,20030326,20030101,,425863.259,4463511.407,4_216
518,4_217_451,20240628,4,217,451,12091,ANDEN 1,,-2,1,L,S,N,SB,--,MANUELA MALASAÑA,A,20030326,20030101,,426729.713,4462619.506,4_217
519,4_217_452,20240628,4,217,452,12092,ANDEN 2,,-2,2,L,N,S,--,SB,MANUELA MALASAÑA,A,20030326,20030101,,426728.76,4462614.709,4_217
520,4_218_453,20240628,4,218,453,12101,ANDEN 1,,-2,1,L,S,N,SB,--,LORANCA,A,20030326,20030101,,428994.32,4461238.955,4_218
521,4_218_454,20240628,4,218,454,12102,ANDEN 2,,-2,2,L,N,S,--,SB,LORANCA,A,20030326,20030101,,428994.256,4461234.062,4_218
522,4_219_455,20240628,4,219,455,12121,ANDEN 1,,-2,1,L,S,N,SB,--,HOSPITAL DE FUENLABRADA,A,20030326,20030101,,430761.539,4460015.068,4_219
523,4_219_456,20240628,4,219,456,12122,ANDEN 2,,-2,2,L,N,S,--,SB,HOSPITAL DE FUENLABRADA,A,20030326,20030101,,430760.955,4460010.168,4_219
524,4_220_457,20240628,4,220,457,12131,ANDEN 1,,-2,1,L,S,N,SB,--,PARQUE EUROPA,A,20030326,20030101,,431476.191,4459937.943,4_220
525,4_220_458,20240628,4,220,458,12132,ANDEN 2,,-2,2,L,N,S,--,SB,PARQUE EUROPA,A,20030326,20030101,,431475.956,4459933.042,4_220
526,4_221_459,20240628,4,221,459,12141,ANDEN 1,,-2,1,L,S,N,SB,--,FUENLABRADA CENTRAL,A,20030326,20030101,,432252.062,4459605.815,4_221
527,4_221_460,20240628,4,221,460,12142,ANDEN 2,,-2,2,L,N,S,--,SB,FUENLABRADA CENTRAL,A,20030326,20030101,,432250.079,4459601.349,4_221
528,4_222_461,20240628,4,222,461,12151,ANDEN 1,,-2,1,L,S,N,SB,--,PARQUE DE LOS ESTADOS,A,20030326,20030101,,433288.3,4460108.951,4_222
529,4_222_462,20240628,4,222,462,12152,ANDEN 2,,-2,2,L,N,S,--,SB,PARQUE DE LOS ESTADOS,A,20030326,20030101,,433289.609,4460104.248,4_222
530,4_223_463,20240628,4,223,463,12171,ANDEN 1,,-2,1,L,S,N,SB,--,ARROYO CULEBRO,A,20030326,20030101,,435882.585,4460307.738,4_223
531,4_223_464,20240628,4,223,464,12172,ANDEN 2,,-2,2,L,N,S,--,SB,ARROYO CULEBRO,A,20030326,20030101,,435883.989,4460303.054,4_223
532,4_224_465,20240628,4,224,465,12181,ANDEN 1,,-2,1,L,S,N,SB,--,CONSERVATORIO,A,20030326,20030101,,436683.447,4460717.155,4_224
533,4_224_466,20240628,4,224,466,12182,ANDEN 2,,-2,2,L,N,S,--,SB,CONSERVATORIO,A,20030326,20030101,,436687.572,4460714.501,4_224
534,4_225_467,20240628,4,225,467,12191,ANDEN 1,,-2,1,L,S,N,SB,--,ALONSO DE MENDOZA,A,20030326,20030101,,437469.659,4461538.872,4_225
535,4_225_468,20240628,4,225,468,12192,ANDEN 2,,-2,2,L,N,S,--,SB,ALONSO DE MENDOZA,A,20030326,20030101,,437474.567,4461538.664,4_225
536,4_226_469,20240628,4,226,469,12201,ANDEN 1,,-3,1,L,S,N,SB,--,GETAFE CENTRAL,A,20030326,20030101,,437659.38729,4462625.90664,4_226
537,4_226_470,20240628,4,226,470,12202,ANDEN 2,,-3,2,L,N,S,--,SB,GETAFE CENTRAL,A,20030326,20030101,,437659.195,4462621.032,4_226
538,4_227_471,20240628,4,227,471,12211,ANDEN 1,,-2,1,L,S,N,SB,--,JUAN DE LA CIERVA,A,20030326,20030101,,438784.304,4462908.684,4_227
539,4_227_472,20240628,4,227,472,12212,ANDEN 2,,-2,2,L,N,S,--,SB,JUAN DE LA CIERVA,A,20030326,20030101,,438788.033,4462905.486,4_227
540,4_228_473,20240628,4,228,473,12221,ANDEN 1,,-2,1,L,S,N,SB,--,EL CASAR,A,20030326,20030101,,439749.25,4463598.109,4_228
541,4_228_474,20240628,4,228,474,12222,ANDEN 2,,-2,2,L,N,S,--,SB,EL CASAR,A,20030326,20030101,,439753.87,4463599.809,4_228
542,4_229_475,20240628,4,229,475,12231,ANDEN 1,,-2,1,L,S,N,SB,--,LOS ESPARTALES,A,20030326,20030101,,439162.014,4464141.658,4_229
543,4_229_476,20240628,4,229,476,12232,ANDEN 2,,-2,2,L,N,S,--,SB,LOS ESPARTALES,A,20030326,20030101,,439165.421,4464145.26,4_229
544,4_230_477,20240628,4,230,477,12241,ANDEN 1,,-1,1,L,S,N,SB,--,EL BERCIAL,A,20030326,20030101,,438139.368,4464725.437,4_230
545,4_230_478,20240628,4,230,478,12242,ANDEN 2,,-1,2,L,N,S,--,SB,EL BERCIAL,A,20030326,20030101,,438143.221,4464728.483,4_230
546,4_231_479,20240628,4,231,479,12251,ANDEN 1,,-2,1,L,S,N,SB,--,EL CARRASCAL,A,20030326,20030101,,437141.814,4465552.771,4_231
547,4_231_480,20240628,4,231,480,12252,ANDEN 2,,-2,2,L,N,S,--,SB,EL CARRASCAL,A,20030326,20030101,,437140.321,4465557.443,4_231
548,4_232_481,20240628,4,232,481,12261,ANDEN 1,,-2,1,L,S,N,SB,--,JULIAN BESTEIRO,A,20030326,20030101,,436104.785,4465382.375,4_232
549,4_232_482,20240628,4,232,482,12262,ANDEN 2,,-2,2,L,N,S,--,SB,JULIAN BESTEIRO,A,20030326,20030101,,436104.991,4465387.264,4_232
550,4_233_483,20240628,4,233,483,12271,ANDEN 1,,-2,1,L,S,N,SB,--,CASA DEL RELOJ,A,20030326,20030101,,435527.154,4464419.396,4_233
551,4_233_484,20240628,4,233,484,12272,ANDEN 2,,-2,2,L,N,S,--,SB,CASA DEL RELOJ,A,20030326,20030101,,435523.666,4464422.915,4_233
552,4_234_485,20240628,4,234,485,12281,ANDEN 1,,-2,1,L,S,N,SB,--,HOSPITAL SEVERO OCHOA,A,20030326,20030101,,434878.092,4463959.581,4_234
553,4_234_486,20240628,4,234,486,12282,ANDEN 2,,-2,2,L,N,S,--,SB,HOSPITAL SEVERO OCHOA,A,20030326,20030101,,434877.922,4463964.514,4_234
554,4_235_487,20240628,4,235,487,12291,ANDEN 1,,-3,1,L,S,N,SB,--,LEGANES CENTRAL,A,20030326,20030101,,434492.78,4464668.599,4_235
555,4_235_488,20240628,4,235,488,12292,ANDEN 2,,-3,2,L,N,S,--,SB,LEGANES CENTRAL,A,20030326,20030101,,434497.107,4464666.235,4_235
556,4_236_489,20240628,4,236,489,12301,ANDEN 1,,-2,1,L,S,N,SB,--,SAN NICASIO,A,20030326,20030101,,434129.567,4465626.797,4_236
557,4_236_490,20240628,4,236,490,12302,ANDEN 2,,-2,2,L,N,S,--,SB,SAN NICASIO,A,20030326,20030101,,434133.827,4465629.465,4_236
558,4_252_701,20240628,4,252,701,05521,Sentido CASA DE CAMPO,,-2,1,L,S,N,SB,--,ALAMEDA DE OSUNA,A,20061124,20061124,,450296.35882,4478941.01501,4_252
559,4_252_702,20240628,4,252,702,05522,Sentido ALAMEDA DE OSUNA,,-2,2,L,N,S,--,SB,ALAMEDA DE OSUNA,A,20061124,20061124,,450293.71076,4478944.25161,4_252
560,4_253_703,20240628,4,253,703,05511,Sentido CASA DE CAMPO,,-2,1,L,S,N,SB,--,EL CAPRICHO,A,20061124,20061124,,449729.77271,4478472.20733,4_253
561,4_253_704,20240628,4,253,704,05512,Sentido ALAMEDA DE OSUNA,,-2,2,L,N,S,--,SB,EL CAPRICHO,A,20061124,20061124,,449728.4497,4478475.11779,4_253
562,4_257_711,20240628,4,257,711,10181,Sentido PUERTA DEL SUR,,-2,1,L,S,N,SB,--,AVIACION ESPAÑOLA,A,20061222,20061222,,433620.25999,4470924.93001,4_257
563,4_257_712,20240628,4,257,712,10182,Sentido TRES OLIVOS,,-2,2,L,N,S,--,SB,AVIACION ESPAÑOLA,A,20061222,20061222,,433619.2301,4470930.96009,4_257
564,4_258_713,20240628,4,258,713,08031,Sentido AEROPUERTO T4,,-2,1,L,S,N,SB,--,PINAR DEL REY,A,20070117,20070115,,445118.6037,4480097.3534,4_258
565,4_258_714,20240628,4,258,714,08032,Sentido NUEVOS MINISTERIOS,,-2,2,L,N,S,--,SB,PINAR DEL REY,A,20070117,20070115,,445120.534,4480092.7804,4_258
566,4_259_715,20240628,4,259,715,06081,ANDEN 1,,-1,1,L,S,N,SB,--,ARGANZUELA-PLANETARIO,A,20070129,20070126,,441612.5913,4471821.5131,4_259
567,4_259_716,20240628,4,259,716,06082,ANDEN 2,,-1,2,L,N,S,--,SB,ARGANZUELA-PLANETARIO,A,20070129,20070126,,441613.9,4471816.77,4_259
568,4_262_721,20240628,4,262,721,01521,Sentido VALDECARROS,,-2,1,L,S,N,SB,--,BAMBU,A,20070409,20070411,,442745.7768,4480967.03664,4_262
569,4_262_722,20240628,4,262,722,01522,Sentido PINAR DE CHAMARTIN,,-2,2,L,N,S,--,SB,BAMBU,A,20070409,20070411,,442743.09085,4480967.87581,4_262
570,4_263_723,20240628,4,263,723,01531,Sentido VALDECARROS,,-2,1,L,S,N,SB,--,PINAR DE CHAMARTIN,A,20070409,20070411,,443555.01942,4481485.1448,4_263
571,4_263_724,20240628,4,263,724,01532,Sentido PINAR DE CHAMARTIN,,-2,2,L,N,S,--,SB,PINAR DE CHAMARTIN,A,20070409,20070411,,443560.34473,4481490.59837,4_263
572,4_264_725,20240628,4,264,725,04212,Sentido PINAR DE CHAMARTIN,,-2,2,L,S,N,SB,--,HORTALEZA,A,20070410,20070411,,444796.38518,4480929.52598,4_264
573,4_264_726,20240628,4,264,726,04211,Sentido ARGÜELLES,,-2,1,L,N,S,--,SB,HORTALEZA,A,20070410,20070411,,444797.59837,4480932.71037,4_264
574,4_265_727,20240628,4,265,727,04222,Sentido PINAR DE CHAMARTIN,,-2,2,L,S,N,SB,--,MANOTERAS,A,20070410,20070411,,443908.53059,4481107.14314,4_265
575,4_265_728,20240628,4,265,728,04221,Sentido ARGÜELLES,,-2,1,L,N,S,--,SB,MANOTERAS,A,20070410,20070411,,443911.71549,4481110.0536,4_265
576,4_266_729,20240628,4,266,729,04232,Sentido PINAR DE CHAMARTIN,,-2,2,L,S,N,SB,--,PINAR DE CHAMARTIN,A,20070410,20070411,,443564.15529,4481476.64355,4_266
577,4_266_730,20240628,4,266,730,04231,Sentido ARGÜELLES,,-2,1,L,N,S,--,SB,PINAR DE CHAMARTIN,A,20070410,20070411,,443569.78448,4481482.27274,4_266
578,4_267_732,20240628,4,267,732,03514,Sentido VILLAVERDE ALTO,"Andén virtual para sent.2 , del andén físico : 03513",-2,4,V,N,S,--,SB,ALMENDRALES,A,20070420,20070421,,440862.86992,4470862.25481,4_267
579,4_267_731,20240628,4,267,731,03513,ANDEN CENTRAL,Andén físico del virtual : 03514,-2,3,C,S,S,SB,SB,ALMENDRALES,A,20070420,20070421,,440849.32419,4470858.15957,4_267
580,4_305_1122,20240628,4,305,1122,11071,Sentido LA FORTUNA,,-2,1,L,S,N,SB,--,LA FORTUNA,A,20101013,20101005,,434064.78863,4467981.78376,4_305
581,4_305_1123,20240628,4,305,1123,11072,Sentido PLAZA ELIPTICA,,-2,2,L,N,S,--,SB,LA FORTUNA,A,20101013,20101005,,434066.56732,4467984.83324,4_305
582,4_296_1000,20240628,4,296,1000,07601,Sentido ESTADIO METROPOLITANO,,-2,1,L,S,N,SB,--,HOSPITAL DEL HENARES,A,20080215,20080207,,454688.81143,4474512.66377,4_296
583,4_296_1001,20240628,4,296,1001,07602,Sentido HOSPITAL DEL HENARES,,-2,2,L,N,S,--,-B,HOSPITAL DEL HENARES,A,20080215,20080207,,454686.9155,4474509.50371,4_296
584,4_325_1155,20240628,4,325,1155,02551,Sentido CUATRO CAMINOS,,-2,1,L,S,N,SB,--,LAS ROSAS,A,20110318,20110316,,448968.66756,4475148.10287,4_325
585,4_325_1156,20240628,4,325,1156,02552,Sentido LAS ROSAS,,-2,2,L,N,S,--,SB,LAS ROSAS,A,20110318,20110316,,448972.43792,4475157.03267,4_325
586,4_324_1153,20240628,4,324,1153,02541,Sentido CUATRO CAMINOS,,-2,1,L,S,N,SB,--,AVENIDA DE GUADALAJARA,A,20110318,20110316,,448143.42595,4475014.56892,4_324
587,4_324_1154,20240628,4,324,1154,02542,Sentido LAS ROSAS,,-2,2,L,N,S,--,SB,AVENIDA DE GUADALAJARA,A,20110318,20110316,,448140.63888,4475021.46326,4_324
588,4_326_1157,20240628,4,326,1157,09512,Sentido PUERTA DE ARGANDA,,-2,2,L,S,N,SB,--,MIRASIERRA,A,20110329,20110328,,439275.63587,4482815.1905,4_326
589,4_326_1158,20240628,4,326,1158,09511,Sentido PACO DE LUCIA,,-2,1,L,N,S,--,SB,MIRASIERRA,A,20110329,20110328,,439273.88943,4482812.35223,4_326
590,4_300_1032,20240628,4,300,1032,09251,Sentido PUERTA DE ARGANDA,,-2,1,L,N,S,--,SB,RIVAS FUTURA,A,20080717,20080709,,455532.77713,4465990.34952,4_300
591,4_300_1031,20240628,4,300,1031,09252,Sentido ARGANDA DEL REY,,-2,2,L,S,N,SB,--,RIVAS FUTURA,A,20080717,20080709,,455537.45809,4465992.18581,4_300
592,4_322_1149,20240628,4,322,1149,02521,Sentido CUATRO CAMINOS,,-2,1,L,S,N,SB,--,LA ALMUDENA,A,20110318,20110316,,445966.7135,4475126.59094,4_322
593,4_322_1150,20240628,4,322,1150,02522,Sentido LAS ROSAS,,-2,2,L,N,S,--,SB,LA ALMUDENA,A,20110318,20110316,,445967.50736,4475135.32233,4_322
594,4_323_1151,20240628,4,323,1151,02531,Sentido CUATRO CAMINOS,,-2,1,L,S,N,SB,--,ALSACIA,A,20110318,20110316,,447157.2264,4474553.95094,4_323
595,4_323_1152,20240628,4,323,1152,02532,Sentido LAS ROSAS,,-2,2,L,N,S,--,SB,ALSACIA,A,20110318,20110316,,447154.71658,4474560.15203,4_323
596,4_345_1207,20240628,4,345,1207,09521,Sentido PACO DE LUCIA,,-2,1,L,N,S,-B,S-,PACO DE LUCIA,A,20150325,20150325,,439935.19657,4483632.65738,4_345
597,4_345_1208,20240628,4,345,1208,09522,Sentido PUERTA DE ARGANDA,,-2,2,L,S,N,--,--,PACO DE LUCIA,A,20150325,20150325,,439936.62531,4483629.86595,4_345
