OBJECTID,IDVESTIBULO,FECHAACTUAL,MODO,CODIGOESTACION,CODIGOVESTIBULOCTM,CODIGOVESTIBULOEMPRESA,DENOMINACION,OBSERVACIONES,NIVEL,NUMEROVESTIBULO,HORAAPERTURA,HORACIERRE,IDENTIFICADORTIPOVESTIBULO,TIPOVESTIBULO,IDENTIFICADORTIPOTORNIQUETE,TIPOTORNIQUETE,ACCESOMINUSVALIDOS,FECHAALTA,FECHAINICIO,FECHAFIN,X,Y,CODIGOMUNICIPIO,CODIGOPROVINCIA,IDFESTACION
1,4_46_78,20190912,4,46,78,03041,Acacias,,-1,1,06:00:00,01:30:00,TV,1,VT,2,A,20090529,19930701,,440499.145,4473161.366,079,28,4_46
2,4_46_79,20190912,4,46,79,03043,Ronda de Valencia,SE CERRO EL 26/08/2012 Y SE REABRIO EL 29/12/2014,-1,3,06:00:00,01:30:00,TV,11,VT,2,N,20030314,19930701,,440535.215,4473187.519,079,28,4_46
3,4_47_80,20190912,4,47,80,03051,Argumosa,"Cambio nombre de vestíbulo Antiguo Lavapies	
",-1,1,06:00:00,01:30:00,TV,1,VT,2,A,20090601,19930701,,440665.35,4473527.092,079,28,4_47
4,4_49_81,20190912,4,49,81,03072,Callao,,-1,2,06:00:00,01:30:00,TV,1,VT,1,A,20080424,19930701,,440227.257,4474854.117,079,28,4_49
5,4_50_82,20190912,4,50,82,03081,Leganitos,,-1,1,06:00:00,01:30:00,TV,1,VT,1,N,20080424,19930701,,439810.956,4475214.646,079,28,4_50
6,4_50_83,20190912,4,50,83,03082,Plaza de España,,-1,2,06:00:00,01:30:00,TV,1,VT,1,A,20080424,19930701,,439726.422,4475296.006,079,28,4_50
7,4_50_85,20190912,4,50,85,03083,Conde de Toreno,,-3,3,06:00:00,01:30:00,TV,2,VT,2,A,20030314,19930701,,439953.085,4475323.436,079,28,4_50
8,4_51_86,20190912,4,51,86,03091,Ventura Rodríguez,,-1,1,06:00:00,01:30:00,TV,1,VT,2,A,20090601,19930701,,439582.861,4475602.408,079,28,4_51
9,4_52_87,20190912,4,52,87,03101,Alberto Aguilera,,-1,1,06:00:00,01:30:00,TV,1,VT,1,A,20080424,19930701,,439492.097,4476001.178,079,28,4_52
10,4_52_88,20190912,4,52,88,03102,Altamirano,,-1,2,06:00:00,01:30:00,TV,3,VT,1,N,20030314,19930701,,439311.67,4476067.602,079,28,4_52
11,4_52_89,20190912,4,52,89,03103,Guzmán el Bueno,,-1,3,06:00:00,01:30:00,TV,8,VT,1,N,20030314,19930701,,439376.715,4476008.804,079,28,4_52
12,4_53_90,20190912,4,53,90,03112,Cuartel General del Aire,,-1,2,06:00:00,01:30:00,TV,1,VT,1,A,20090528,19930701,,439111.214,4476464.868,079,28,4_53
13,4_57_92,20190912,4,57,92,04041,Santa Bárbara,,-1,1,06:00:00,01:30:00,TV,1,VT,1,N,20030314,19930701,,441098.205,4475662.533,079,28,4_57
14,4_57_93,20190912,4,57,93,04042,Hermanos Álvarez Quintero,,-1,2,06:00:00,01:30:00,TV,2,VT,2,N,20030314,19930701,,441004.047,4475681.772,079,28,4_57
15,4_58_94,20190912,4,58,94,04051,Colón,,-1,1,06:00:00,01:30:00,TV,1,VT,1,N,20030314,19930701,,441400.791,4475439.375,079,28,4_58
16,4_59_95,20190912,4,59,95,04061,Serrano,,-1,1,06:00:00,01:30:00,TV,1,VT,1,N,20030314,19930701,,441804.176,4475408.827,079,28,4_59
17,4_59_96,20190912,4,59,96,04062,Lagasca,,-1,2,06:00:00,01:30:00,TV,2,VT,2,N,20030314,19930701,,441897.649,4475399.51,079,28,4_59
18,4_60_97,20190912,4,60,97,04071,Velázquez,,-1,1,06:00:00,01:30:00,TV,1,VT,2,N,20030314,19930701,,442167.158,4475380.352,079,28,4_60
19,4_60_98,20190912,4,60,98,04072,Castelló,SE CERRO EL 27/08/2012 Y SE REABRIO EL 01/12/2014,-1,2,06:00:00,01:30:00,TV,2,VT,2,N,20030314,19930701,,442253.641,4475373.449,079,28,4_60
20,4_62_99,20190912,4,62,99,04091,Ortega y Gasset,,-1,1,06:00:00,01:30:00,TV,1,VT,2,N,20030314,19930701,,442817.247,4475859.276,079,28,4_62
21,4_62_100,20190912,4,62,100,04092,Don Ramón de la Cruz,SE CERRO EL 12/08/2012 Y SE REABRIO EL 01/12/2014,-1,2,06:00:00,01:30:00,TV,2,VT,2,N,20030314,19930701,,442807.66,4475772.633,079,28,4_62
22,4_63_101,20190912,4,63,101,04101,Diego de León,,-1,1,06:00:00,01:30:00,TV,1,VT,2,N,20030314,19930701,,442869.959,4476418.858,079,28,4_63
23,4_64_102,20190912,4,64,102,04111,Avenida de América,,-3,1,06:00:00,01:30:00,TV,1,VT,1,A,20030314,19930701,,442673.688,4476761.706,079,28,4_64
24,4_64_103,20190912,4,64,103,04112,Francisco Silvela,,-1,2,06:00:00,01:30:00,TV,9,VT,2,N,20030314,19930701,,442519.304,4476861.59,079,28,4_64
25,4_65_104,20190912,4,65,104,04121,Prosperidad,,-1,1,06:00:00,01:30:00,TV,1,VT,1,N,20030314,19930701,,442876.387,4477493.712,079,28,4_65
26,4_66_105,20190912,4,66,105,04131,Alfonso XIII,,-1,1,06:00:00,01:30:00,TV,1,VT,1,N,20030314,19930701,,443490.141,4477908.602,079,28,4_66
27,4_67_106,20190912,4,67,106,04141,Avenida de la Paz,,-1,1,06:00:00,01:30:00,TV,1,VT,1,N,20030314,19930701,,443931.837,4478451.644,079,28,4_67
28,4_68_107,20190912,4,68,107,04151,Arturo Soria,,-1,1,06:00:00,01:30:00,TV,1,VT,2,N,20030314,19930701,,444497.213,4478796.447,079,28,4_68
29,4_68_108,20190912,4,68,108,04152,Ulises,SE CERRO EL 05/08/2012 Y SE REABRIO EL 29/12/2014,-1,2,06:00:00,01:30:00,TV,2,VT,1,N,20030314,19930701,,444623.658,4478878.936,079,28,4_68
30,4_69_109,20190912,4,69,109,04161,Esperanza,,-1,1,06:00:00,01:30:00,TV,1,VT,2,N,20030314,19930701,,445323.46,4479149.882,079,28,4_69
31,4_70_110,20190912,4,70,110,04171,Canillas,,-1,1,06:00:00,01:30:00,TV,1,VT,1,A,20030314,19930701,,446234.445,4479677.216,079,28,4_70
32,4_71_111,20190912,4,71,111,04181,Mar de Cristal,,-1,1,06:00:00,01:30:00,TV,1,VT,1,A,20030314,19930701,,446001.718,4480260.276,079,28,4_71
33,4_72_112,20190912,4,72,112,04191,San Lorenzo,,-1,1,06:00:00,01:30:00,TV,1,VT,1,A,20030314,19930701,,445894.961,4480778.849,079,28,4_72
34,4_73_113,20190912,4,73,113,04201,Parque de Santa María,,-1,1,06:00:00,01:30:00,TV,1,VT,1,A,20030314,19930701,,445453.004,4481113.087,079,28,4_73
35,4_74_114,20190912,4,74,114,05011,Canillejas,,-1,1,06:00:00,01:30:00,TV,1,VT,1,N,20030314,19930701,,448520.026,4478013.664,079,28,4_74
36,4_75_115,20190912,4,75,115,05021,Torre Arias,,-1,1,06:00:00,01:30:00,TV,1,VT,2,N,20030314,19930701,,447748.296,4477376.249,079,28,4_75
37,4_76_116,20190912,4,76,116,05031,Suanzes,,-1,1,06:00:00,01:30:00,TV,1,VT,2,N,20030314,19930701,,446952.377,4477091.313,079,28,4_76
38,4_77_117,20190912,4,77,117,05041,Arturo Soria,,-1,1,06:00:00,01:30:00,TV,1,VT,1,N,20030314,19930701,,446006.539,4476762.817,079,28,4_77
39,4_77_118,20190912,4,77,118,05042,Albarracín,SE CERRO EL 27/08/2012 Y SE REABRIO EL 15/02/2013,-1,2,06:00:00,01:30:00,TV,2,VT,1,N,20030314,19930701,,446125.396,4476803.678,079,28,4_77
40,4_78_119,20190912,4,78,119,05051,Emilio Ferrari,,-1,1,06:00:00,01:30:00,TV,1,VT,1,A,20100503,19930701,,445524.413,4476478.213,079,28,4_78
41,4_78_120,20190912,4,78,120,05052,Vicente Espinel,,-1,2,06:00:00,01:30:00,TV,9,VT,2,N,20030314,19930701,,445641.77,4476550.442,079,28,4_78
42,4_79_121,20190912,4,79,121,05061,Hermanos Machado,,-1,1,06:00:00,01:30:00,TV,1,VT,2,N,20030314,19930701,,445080.832,4476227.721,079,28,4_79
43,4_79_122,20190912,4,79,122,05062,Virgen del Sagrario,,-1,2,06:00:00,01:30:00,TV,2,VT,2,N,20030314,19930701,,445196.538,4476272.873,079,28,4_79
44,4_80_123,20190912,4,80,123,05071,Alcalde López Casero,,-1,1,06:00:00,01:30:00,TV,1,VT,2,N,20030314,19930701,,444510.971,4476127.942,079,28,4_80
45,4_80_124,20190912,4,80,124,05072,Hermanos Fernández Lanseros,,-1,2,06:00:00,01:30:00,TV,8,VT,2,N,20030314,19930701,,444381.494,4476105.383,079,28,4_80
46,4_63_125,20190912,4,63,125,04102,Juan Bravo,,-1,2,06:00:00,01:30:00,TV,1,VT,1,N,20030314,19930701,,442897.251,4476176.112,079,28,4_63
47,4_63_126,20190912,4,63,126,04103,Alcántara,,-1,3,06:00:00,01:30:00,TV,1,VT,2,N,20030314,19930701,,443039.938,4476229.902,079,28,4_63
48,4_83_127,20190912,4,83,127,05101,Juan Bravo,,-1,1,06:00:00,01:30:00,TV,1,VT,1,N,20030314,19930701,,442190.028,4476226.308,079,28,4_83
49,4_83_128,20190912,4,83,128,05102,Marqués de Salamanca,,-2,2,06:00:00,01:30:00,TV,11,VT,1,N,20030314,19930701,,442475.002,4475997.856,079,28,4_83
50,4_84_129,20190912,4,84,129,05111,Rubén Darío,,-1,1,06:00:00,01:30:00,TV,1,VT,2,N,20030314,19930701,,441528.6,4476252.273,079,28,4_84
51,4_84_130,20190912,4,84,130,05112,Castellana,,-1,2,06:00:00,01:30:00,TV,11,VT,2,N,20030314,19930701,,441669.009,4476267.149,079,28,4_84
52,4_86_131,20190912,4,86,131,05131,Chueca,,-1,1,06:00:00,01:30:00,TV,1,VT,1,N,20030314,19930701,,440930.739,4475103.487,079,28,4_86
53,4_90_132,20190912,4,90,132,05171,La Latina,,-1,1,06:00:00,01:30:00,TV,1,VT,1,N,20030314,19930701,,439985.618,4473853.083,079,28,4_90
54,4_91_133,20190912,4,91,133,05181,Puerta de Toledo,,-1,1,06:00:00,01:30:00,TV,1,VT,1,N,20030314,19930701,,439786.5,4473364.752,079,28,4_91
55,4_92_134,20190912,4,92,134,05191,Acacias,,-1,1,06:00:00,01:30:00,TV,1,VT,2,N,20030314,19930701,,440165.524,4473012.754,079,28,4_92
56,4_93_135,20190912,4,93,135,05201,Pirámides,,-1,1,06:00:00,01:30:00,TV,1,VT,1,N,20030314,19930701,,439640.829,4472791.568,079,28,4_93
57,4_93_136,20190912,4,93,136,05202,RENFE,,-2,2,06:00:00,12:30:00,TV,2,VT,1,A,20030314,19930701,,439749.897,4472878.04,079,28,4_93
58,4_94_137,20190912,4,94,137,05211,Marqués de Vadillo,,-1,1,06:00:00,01:30:00,TV,1,VT,1,N,20030314,19930701,,439310.074,4472313.22,079,28,4_94
59,4_95_138,20190912,4,95,138,05221,Toboso,,-1,1,06:00:00,01:30:00,TV,1,VT,2,N,20030314,19930701,,438555.675,4471790.443,079,28,4_95
60,4_95_139,20190912,4,95,139,05222,Leganés,,-1,2,06:00:00,01:30:00,TV,13,VT,1,N,20030314,19930701,,438679.94,4471869.99,079,28,4_95
61,4_96_140,20190912,4,96,140,05231,Valle de Oro,,-1,1,06:00:00,01:30:00,TV,1,VT,1,N,20030314,19930701,,438048.866,4471355.274,079,28,4_96
62,4_96_141,20190912,4,96,141,05232,General Ricardos,,-1,2,06:00:00,01:30:00,TV,2,VT,1,N,20030314,19930701,,438150.902,4471470.579,079,28,4_96
63,4_97_142,20190912,4,97,142,05241,Pinzón,,-1,1,06:00:00,01:30:00,TV,1,VT,1,N,20030314,19930701,,437356.068,4471400.77,079,28,4_97
64,4_97_143,20190912,4,97,143,05242,Oca,SE CERRO EL 13/08/2012 Y SE REABRIO EL 25/04/2014,-1,2,06:00:00,01:30:00,TV,2,VT,1,N,20030314,19930701,,437484.346,4471431.324,079,28,4_97
65,4_98_144,20190912,4,98,144,05251,Carabanchel,,-1,1,06:00:00,01:30:00,TV,1,VT,1,N,20030314,19930701,,436869.013,4471279.755,079,28,4_98
66,4_99_145,20190912,4,99,145,05261,Eugenia de Montijo,,0,1,06:00:00,01:30:00,TV,1,VT,1,S,20030314,19980101,,436393.68,4470934.958,079,28,4_99
67,4_100_146,20190912,4,100,146,05271,RENFE,,0,1,06:00:00,01:30:00,TV,1,VT,1,A,20090529,19930701,,435518.053,4471077.316,079,28,4_100
68,4_100_147,20190912,4,100,147,05272,Avenida de los Poblados,,0,2,06:00:00,01:30:00,TV,5,VT,1,S,20090529,19930701,,435555.835,4471025.246,079,28,4_100
69,4_101_148,20190912,4,101,148,05281,Empalme,,0,1,06:00:00,01:30:00,TV,1,VT,1,R,20030314,20020901,,435253.917,4471767.746,079,28,4_101
70,4_102_149,20190912,4,102,149,05291,Campamento,,-1,1,06:00:00,01:30:00,TV,1,VT,1,N,20030314,20020901,,435058.309,4472180.535,079,28,4_102
71,4_103_150,20190912,4,103,150,05301,Casa de Campo,,-1,1,06:00:00,01:30:00,TV,1,VT,3,A,20030314,20020901,,435522.768,4473012.794,079,28,4_103
72,4_104_151,20190912,4,104,151,06011,Laguna,,-2,1,06:00:00,01:30:00,TV,1,VT,1,A,20100503,19930701,,436920.105,4472520.135,079,28,4_104
73,4_105_152,20190912,4,105,152,06021,Carpetana,,-1,1,06:00:00,01:30:00,TV,1,VT,2,A,20100504,19930701,,437216.513,4471818.8,079,28,4_105
74,4_107_153,20190912,4,107,153,06041,Opañel,,-1,1,06:00:00,01:30:00,TV,1,VT,2,N,20030314,19930701,,438690.9,4471210.445,079,28,4_107
75,4_179_226,20190912,4,179,226,09192,Sur,SE CERRO EL 20/08/2012 Y SE REABRIO EL 25/04/2014,-1,2,06:00:00,01:30:00,TV,2,VT,1,N,20030314,19930701,,447366.807,4472562.135,079,28,4_179
76,4_180_227,20190912,4,180,227,09201,Vicálvaro,,-1,1,06:00:00,01:30:00,TV,1,VT,1,A,20030314,19930701,,448434.116,4473007.538,079,28,4_180
77,4_181_228,20190912,4,181,228,09211,San Cipriano,,-1,1,06:00:00,01:30:00,TV,1,VT,1,A,20030314,19930701,,448891.68,4472980.08,079,28,4_181
78,4_182_229,20190912,4,182,229,09221,Puerta de Arganda,,-1,1,06:00:00,01:30:00,TV,1,VT,1,A,20071019,19930701,,449488.705,4472666.678,079,28,4_182
79,4_183_230,20190912,4,183,230,09241,Rivas Urbanizaciones,,0,1,06:00:00,01:30:00,TV,1,VT,2,S,20030314,19990401,,453607.5608,4468862.4651,123,28,4_183
80,4_184_231,20190912,4,184,231,09261,Rivas Vaciamadrid,,0,1,06:00:00,01:30:00,TV,1,VT,2,S,20030314,19990407,,455902.5241,4464524.0347,123,28,4_184
81,4_185_232,20190912,4,185,232,09271,La Poveda,,0,1,06:00:00,01:30:00,TV,1,VT,2,S,20030314,19990407,,459514.9814,4463472.5352,014,28,4_185
82,4_186_233,20190912,4,186,233,09281,Arganda del Rey,,0,1,06:00:00,01:30:00,TV,1,VT,2,S,20030314,19990407,,462077.4669,4461785.3058,014,28,4_186
83,4_187_234,20190912,4,187,234,10011,Fuencarral,,-1,1,06:00:00,01:30:00,TV,1,VT,1,N,20030314,19980101,,441376.763,4483162.212,079,28,4_187
84,4_188_235,20190912,4,188,235,10021,La Paz,,-1,1,06:00:00,01:30:00,TV,1,VT,1,N,20030314,19980101,,441970.223,4481509.914,079,28,4_188
85,4_188_236,20190912,4,188,236,10022,Begoña,,-1,2,06:00:00,01:30:00,TV,1,VT,1,N,20030314,19980101,,441907.166,4481855.509,079,28,4_188
86,4_261_237,20190912,4,261,237,01511,Chamartín,,-1,1,06:00:00,01:30:00,TV,1,VT,1,A,20070330,20070101,,442198.77238,4480722.79165,079,28,4_261
87,4_191_238,20190912,4,191,238,10051,Cuzco,,-1,1,06:00:00,01:30:00,TV,1,VT,2,N,20030314,19980101,,441581.563,4479113.461,079,28,4_191
88,4_192_239,20190912,4,192,239,10061,Plaza de Lima,,-1,1,06:00:00,01:30:00,TV,1,VT,1,N,20030314,19980101,,441576.828,4478508.983,079,28,4_192
89,4_192_240,20190912,4,192,240,10062,Santiago Bernabéu,,-1,2,06:00:00,01:30:00,TV,2,VT,1,N,20030314,19980101,,441554.384,4478246.473,079,28,4_192
90,4_199_241,20190912,4,199,241,10131,Lago,,0,1,06:00:00,01:30:00,TV,1,VT,2,S,20030314,19930701,,437762.32,4474458.389,079,28,4_199
91,4_200_242,20190912,4,200,242,10141,Villamanín,,0,1,06:00:00,01:30:00,TV,1,VT,2,S,20030314,19930701,,436223.985,4473490.243,079,28,4_200
92,4_200_243,20190912,4,200,243,10142,Venta del Batán,,0,2,06:00:00,01:30:00,TV,2,VT,1,S,20030314,19930701,,436205.319,4473524.712,079,28,4_200
93,4_202_244,20190912,4,202,244,10161,Colonia Jardín,,-2,1,06:00:00,01:30:00,TV,1,VT,3,A,20080425,20021022,,434407.451,4472323.608,079,28,4_202
94,4_203_246,20190912,4,203,246,10191,Cuatro Vientos,,-1,1,06:00:00,01:30:00,TV,1,VT,9,A,20030314,20030101,,432838.269,4470161.59,079,28,4_203
95,4_204_247,20190912,4,204,247,10201,Joaquín Vilumbrales,,-1,1,06:00:00,01:30:00,TV,1,VT,9,A,20030314,20030101,,431558.023,4467114.943,007,28,4_204
96,4_205_248,20190912,4,205,248,10211,Alcalde Joaquín Vilumbrales,,-1,1,06:00:00,01:30:00,TV,1,VT,9,A,20030314,20030101,,431173.377,4466645.016,007,28,4_205
97,4_205_249,20190912,4,205,249,10212,Olímpico Fernández Ochoa,,-1,2,06:00:00,01:30:00,TV,1,VT,9,N,20030314,20030101,,431113.138,4466556.708,007,28,4_205
98,4_207_250,20190912,4,207,250,11021,Abrantes,,-1,1,06:00:00,01:30:00,TV,1,VT,1,A,20030314,19930701,,438285.172,4470479.488,079,28,4_207
99,4_208_251,20190912,4,208,251,11031,Pan Bendito,,-1,1,06:00:00,01:30:00,TV,1,VT,1,A,20030314,19930701,,437779.21,4469937.023,079,28,4_208
100,4_210_252,20190912,4,210,252,12021,Parque de Lisboa,,-1,1,06:00:00,01:30:00,TV,1,VT,9,A,20030314,20030101,,430392.199,4467093.549,007,28,4_210
101,4_211_253,20190912,4,211,253,12031,Alcorcón Central,,-1,1,06:00:00,01:30:00,TV,1,VT,9,A,20030314,20030101,,429453.047,4467118.323,007,28,4_211
102,4_212_254,20190912,4,212,254,12041,Parque del Oeste,,-1,1,06:00:00,01:30:00,TV,1,VT,9,A,20030314,20030101,,427994.862,4466694.42,007,28,4_212
103,4_213_255,20190912,4,213,255,12051,Universidad Rey Juan Carlos I,,-1,1,06:00:00,01:30:00,TV,1,VT,9,A,20030314,20030101,,426024.176,4465509.534,092,28,4_213
104,4_214_256,20190912,4,214,256,12061,Móstoles Central,,-2,1,06:00:00,01:30:00,TV,1,VT,9,A,20090529,20030101,,426747.934,4464796.286,092,28,4_214
105,4_215_257,20190912,4,215,257,12071,Pradillo,,-1,1,06:00:00,01:30:00,TV,1,VT,9,A,20030314,20030101,,426636.463,4464033.28,092,28,4_215
106,4_216_258,20190912,4,216,258,12081,Hospital de Móstoles,,-1,1,06:00:00,01:30:00,TV,1,VT,9,A,20030314,20030101,,425830.252,4463463.011,092,28,4_216
107,4_217_259,20190912,4,217,259,12091,Manuela Malasaña,,-1,1,06:00:00,01:30:00,TV,1,VT,9,A,20030314,20030101,,426644.395,4462627.558,092,28,4_217
108,4_218_260,20190912,4,218,260,12101,Loranca,,-1,1,06:00:00,01:30:00,TV,1,VT,9,A,20030314,20030101,,428935.953,4461236.683,058,28,4_218
109,4_219_261,20190912,4,219,261,12121,Hospital de Fuenlabrada,,-1,1,06:00:00,01:30:00,TV,1,VT,9,A,20030314,20030101,,430694.859,4460018.21,058,28,4_219
110,4_220_262,20190912,4,220,262,12131,Parque Europa,,-1,1,06:00:00,01:30:00,TV,1,VT,9,A,20030314,20030101,,431546.897,4459931.899,058,28,4_220
111,4_221_263,20190912,4,221,263,12141,Fuenlabrada Central,,-1,1,06:00:00,01:30:00,TV,1,VT,9,A,20030314,20030101,,432207.215,4459619.544,058,28,4_221
112,4_222_264,20190912,4,222,264,12151,Parque de los Estados,,-1,1,06:00:00,01:30:00,TV,1,VT,9,A,20030314,20030101,,433214.823,4460083.796,058,28,4_222
113,4_223_265,20190912,4,223,265,12171,Arroyo Culebro,,-1,1,06:00:00,01:30:00,TV,1,VT,9,A,20030314,20030101,,435811.443,4460282.968,065,28,4_223
114,4_224_266,20190912,4,224,266,12181,Conservatorio,,-1,1,06:00:00,01:30:00,TV,1,VT,9,A,20030314,20030101,,436724.03,4460776.295,065,28,4_224
115,4_225_267,20190912,4,225,267,12191,Alonso de Mendoza,,-1,1,06:00:00,01:30:00,TV,1,VT,9,A,20030314,20030101,,437478.651,4461609.561,065,28,4_225
116,4_226_268,20190912,4,226,268,12201,Getafe Central,,-2,1,06:00:00,01:30:00,TV,1,VT,9,A,20030314,20030101,,437730.475,4462624.191,065,28,4_226
117,4_227_269,20190912,4,227,269,12211,Juan de la Cierva,,-1,1,06:00:00,01:30:00,TV,1,VT,9,A,20030314,20030101,,438742.17,4462847.584,065,28,4_227
118,4_228_270,20190912,4,228,270,12221,El Casar,,-1,1,06:00:00,01:30:00,TV,1,VT,9,A,20170309,20030101,,439770.2075,4463546.9789,065,28,4_228
119,4_229_271,20190912,4,229,271,12231,Los Espartales,,-1,1,06:00:00,01:30:00,TV,1,VT,9,A,20030314,20030101,,439119.748,4464177.365,065,28,4_229
120,4_230_272,20190912,4,230,272,12241,El Bercial,,0,1,06:00:00,01:30:00,TV,1,VT,9,S,20030314,20030101,,438103.82,4464781.099,065,28,4_230
121,4_231_273,20190912,4,231,273,12251,El Carrascal,,-1,1,06:00:00,01:30:00,TV,1,VT,9,A,20030314,20030101,,437197.619,4465571.724,074,28,4_231
122,4_232_274,20190912,4,232,274,12261,Julián Besteiro,,-1,1,06:00:00,01:30:00,TV,1,VT,9,A,20030314,20030101,,436171.6,4465381.9,074,28,4_232
123,4_233_275,20190912,4,233,275,12271,Casa del Reloj,,-1,1,06:00:00,01:30:00,TV,1,VT,9,A,20030314,20030101,,435570.62,4464482.281,074,28,4_233
124,4_234_276,20190912,4,234,276,12281,Hospital Severo Ochoa,,-1,1,06:00:00,01:30:00,TV,1,VT,9,A,20030314,20030101,,434818.072,4463962.562,074,28,4_234
125,4_235_277,20190912,4,235,277,12291,Leganés Central,,-2,1,06:00:00,01:30:00,TV,1,VT,9,A,20030314,20030101,,434520.214,4464714.36,074,28,4_235
126,4_236_278,20190912,4,236,278,12301,San Nicasio,,-1,1,06:00:00,01:30:00,TV,1,VT,9,A,20030314,20030101,,434184.167,4465573.582,074,28,4_236
127,4_108_154,20190912,4,108,154,06051,Vía Lusitana,,-1,1,06:00:00,01:30:00,TV,1,VT,1,A,20030314,19930701,,439133.791,4470946.052,079,28,4_108
128,4_108_155,20190912,4,108,155,06052,Marcelo Usera,,-1,2,06:00:00,01:30:00,TV,5,VT,1,N,20090224,19930701,,439270.189,4470987.742,079,28,4_108
129,4_109_156,20190912,4,109,156,06061,Amparo Usera,,-1,1,06:00:00,01:30:00,TV,1,VT,2,A,20080430,19930701,,440174.644,4471197.025,079,28,4_109
130,4_109_157,20190912,4,109,157,06062,Mirasierra,,-1,2,06:00:00,01:30:00,TV,4,VT,2,N,20030314,19930701,,440281.379,4471281.131,079,28,4_109
131,4_111_158,20190912,4,111,158,06091,Méndez Álvaro,,-1,1,06:00:00,01:30:00,TV,1,VT,2,N,20030314,19930701,,442529.251,4472099.782,079,28,4_111
132,4_111_159,20190912,4,111,159,06092,RENFE,,-1,2,06:00:00,12:30:00,TV,1,VT,1,A,20030314,19930701,,442428.423,4472100.792,079,28,4_111
133,4_113_160,20190912,4,113,160,06111,Conde de Casal,,-1,1,06:00:00,01:30:00,TV,1,VT,1,A,20080425,19930701,,443254.36,4473367.584,079,28,4_113
134,4_113_161,20190912,4,113,161,06112,Doctor Esquerdo,SE CERRO EL 13/08/2012 Y SE REABRIO EL 08/12/2014,-1,2,06:00:00,01:30:00,TV,2,VT,2,N,20030314,19930701,,443267.271,4473550.747,079,28,4_113
135,4_114_162,20190912,4,114,162,06121,Sainz de Baranda,,-1,1,06:00:00,01:30:00,TV,1,VT,1,N,20100505,19930701,,443310.154,4474301.611,079,28,4_114
136,4_115_163,20190912,4,115,163,06131,O'Donnell,,-1,1,06:00:00,01:30:00,TV,1,VT,2,N,20030314,19930701,,443364.673,4475054.926,079,28,4_115
137,4_119_164,20190912,4,119,164,06171,República Argentina,,-1,1,06:00:00,01:30:00,TV,1,VT,2,N,20030314,19930701,,442081.454,4477489.921,079,28,4_119
138,4_122_165,20190912,4,122,165,06201,General Rodrigo,,-1,1,06:00:00,01:30:00,TV,1,VT,1,A,20030314,19930701,,439598.074,4477704.632,079,28,4_122
139,4_122_166,20190912,4,122,166,06202,Reina Victoria,SE CERRO EL 27/08/2012 Y SE REABRIO EL 29/12/2014,-1,2,06:00:00,01:30:00,TV,2,VT,1,N,20030314,19930701,,439853.538,4477815.405,079,28,4_122
140,4_123_167,20190912,4,123,167,06211,Vicente Aleixandre,Metropolitano hasta 30/11/2018,-1,1,06:00:00,01:30:00,TV,1,VT,2,N,20030314,19930701,,439118.3843,4477760.9687,079,28,4_123
141,4_124_168,20190912,4,124,168,06221,Ciudad Universitaria,,-1,1,06:00:00,01:30:00,TV,1,VT,1,A,20100503,19930701,,438486.694,4477473.65,079,28,4_124
142,4_127_169,20190912,4,127,169,06251,Paseo de la Florida,,-1,1,06:00:00,01:30:00,TV,1,VT,1,A,20101229,19930701,,439170.335,4474994.032,079,28,4_127
143,4_127_170,20190912,4,127,170,06252,RENFE,,-1,2,06:00:00,12:30:00,TV,7,VT,1,A,20030314,19930701,,439062.273,4474906.514,079,28,4_127
144,4_128_171,20190912,4,128,171,06261,Puerta del Ángel,,-1,1,06:00:00,01:30:00,TV,1,VT,1,N,20030314,19930701,,438405.376,4474166.005,079,28,4_128
145,4_129_172,20190912,4,129,172,06271,Alto de Extremadura,,-1,1,06:00:00,01:30:00,TV,1,VT,1,N,20030314,19930701,,437388.708,4473727.921,079,28,4_129
146,4_130_173,20190912,4,130,173,06281,Lucero,,-1,1,06:00:00,01:30:00,TV,1,VT,1,A,20030314,19930701,,436857.061,4473146.156,079,28,4_130
147,4_132_174,20190912,4,132,174,07011,Las Musas,,-1,1,06:00:00,01:30:00,TV,1,VT,1,N,20080425,19930701,,448546.88,4476210.823,079,28,4_132
148,4_252_279,20190912,4,252,279,05521,Alameda de Osuna,,-1,1,06:00:00,01:30:00,TV,2,VT,4,A,20090225,20061124,,450274.881,4478925.127,079,28,4_252
149,4_253_280,20190912,4,253,280,05511,Velero,,-1,1,06:00:00,01:30:00,TV,2,VT,4,A,20090225,20061124,,449705.96,4478458.978,079,28,4_253
150,4_253_281,20190912,4,253,281,05512,Pinos de Osuna,SE CERRO EL 05/08/2012 Y SE REABRIO EL 18/08/2014,-1,2,06:00:00,01:30:00,TV,2,VT,4,N,20090225,20061124,,449724.746,4478471.413,079,28,4_253
151,4_254_282,20190912,4,254,282,11041,San Francisco,,-1,1,06:00:00,01:30:00,TV,2,VT,2,A,20061218,20061218,,437332.6454,4469711.3397,079,28,4_254
152,4_255_283,20190912,4,255,283,11051,Carabanchel Alto,,-1,1,06:00:00,01:30:00,TV,2,VT,2,A,20061218,20061218,,436275.4301,4469526.5204,079,28,4_255
153,4_256_284,20190912,4,256,284,11061,La Peseta,,-1,1,06:00:00,01:30:00,TV,2,VT,2,A,20061218,20061218,,435847.005,4468662.5157,079,28,4_256
154,4_257_285,20190912,4,257,285,10181,Aviación Española,,-1,1,06:00:00,01:30:00,TV,2,VT,9,A,20061222,20061222,,433575.4054,4470869.6978,079,28,4_257
155,4_258_286,20190912,4,258,286,08031,Pinar del Rey,,-1,1,06:00:00,01:30:00,TV,2,VT,9,A,20090223,20070115,,445151.817,4480104.352,079,28,4_258
156,4_259_287,20190912,4,259,287,06081,Arganzuela-Planetario,,0,1,06:00:00,01:30:00,TV,2,VT,9,S,20070129,20070126,,441661.8137,4471828.5422,079,28,4_259
157,4_260_288,20190912,4,260,288,02511,La Elipa,,-1,1,06:00:00,01:30:00,TV,2,VT,9,A,20070215,20070216,,444941.5914,4475546.1726,079,28,4_260
158,4_262_289,20190912,4,262,289,01521,Bambú,,-1,1,06:00:00,01:30:00,TV,2,VT,9,A,20070412,20070411,,442745.94473,4480974.92656,079,28,4_262
159,4_263_290,20190912,4,263,290,01531,Pinar de Chamartín,,-1,1,06:00:00,01:30:00,TV,2,VT,9,A,20070412,20070411,,443568.67523,4481491.53584,079,28,4_263
160,4_264_291,20190912,4,264,291,04211,Hortaleza,,-1,1,06:00:00,01:30:00,TV,2,VT,9,S,20070412,20070411,,444788.65142,4480934.83338,079,28,4_264
161,4_265_292,20190912,4,265,292,04221,Manoteras,,-1,1,06:00:00,01:30:00,TV,2,VT,9,A,20070412,20070411,,443918.52483,4481100.60848,079,28,4_265
162,4_267_293,20190912,4,267,293,03511,Almendrales,,-1,1,06:00:00,01:30:00,TV,2,VT,9,A,20090601,20070421,,440865.705,4470820.043,079,28,4_267
163,4_284_300,20190912,4,284,300,10611,Hospital Infanta Sofía,Hospital del Norte hasta 07/08/2008,-1,1,06:00:00,01:30:00,TV,2,VT,9,A,20100505,20070426,,448356.416,4490258.673,134,28,4_284
164,4_268_294,20190912,4,268,294,03521,Hospital 12 de Octubre,,-1,1,06:00:00,01:30:00,TV,2,VT,9,A,20090601,20070421,,441033.447,4469838.48,079,28,4_268
165,4_269_295,20190912,4,269,295,03531,San Fermín - Orcasur,,-1,1,06:00:00,01:30:00,TV,2,VT,9,A,20090601,20070421,,441159.806,4469228.051,079,28,4_269
166,4_270_296,20190912,4,270,296,03541,Ciudad de Los Ángeles,,-1,1,06:00:00,01:30:00,TV,2,VT,9,A,20090601,20070421,,441231.613,4468124.272,079,28,4_270
167,4_271_297,20190912,4,271,297,03551,Villaverde Bajo Cruce,,-1,1,06:00:00,01:30:00,TV,2,VT,9,A,20090601,20070421,,441282.363,4467132.115,079,28,4_271
168,4_272_298,20190912,4,272,298,03561,San Cristóbal,,-1,1,06:00:00,01:30:00,TV,2,VT,9,A,20090601,20070421,,441193.201,4466091.414,079,28,4_272
169,4_273_299,20190912,4,273,299,03571,Villaverde Alto,,-1,1,06:00:00,01:30:00,TV,2,VT,9,A,20090528,20070421,,439587.956,4466062.553,079,28,4_273
170,4_283_301,20190912,4,283,301,10601,Reyes Católicos,,-1,1,06:00:00,01:30:00,TV,2,VT,9,A,20100505,20070426,,447341.628,4489289.485,134,28,4_283
171,4_282_302,20190912,4,282,302,10591,Baunatal,,-1,1,06:00:00,01:30:00,TV,2,VT,9,A,20100505,20070426,,446299.567,4489696.881,134,28,4_282
172,4_281_303,20190912,4,281,303,10581,Manuel de Falla,,-1,1,06:00:00,01:30:00,TV,2,VT,9,A,20100505,20070426,,445347.67,4489272.831,006,28,4_281
173,4_280_304,20190912,4,280,304,10571,Marqués de la Valdavia,,-1,1,06:00:00,01:30:00,TV,2,VT,9,A,20100505,20070426,,446099.472,4488198.737,006,28,4_280
174,4_280_305,20190912,4,280,305,10572,Paseo de la Chopera,,-2,2,06:00:00,01:30:00,TV,2,VT,9,N,20070427,20070426,,445897.75709,4488179.05789,006,28,4_280
175,4_279_306,20190912,4,279,306,10561,La Moraleja,,-1,1,06:00:00,01:30:00,TV,2,VT,9,A,20100505,20070426,,446243.948,4487253.939,006,28,4_279
176,4_278_307,20190912,4,278,307,10551,La Granja,,-1,1,06:00:00,01:30:00,TV,2,VT,9,A,20100505,20070426,,444349.846,4486744.582,006,28,4_278
177,4_277_308,20190912,4,277,308,10541,Ronda de la Comunicación,,-1,1,06:00:00,01:30:00,TV,2,VT,9,A,20070427,20070426,,443957.2927,4485396.10698,079,28,4_277
178,4_276_309,20190912,4,276,309,10531,Las Tablas,,-1,1,06:00:00,01:30:00,TV,2,VT,9,A,20100505,20070426,,443388.75,4484628.049,079,28,4_276
179,4_275_310,20190912,4,275,310,10521,Montecarmelo,,-1,1,06:00:00,01:30:00,TV,2,VT,9,A,20070427,20070426,,441195.90851,4484337.11152,079,28,4_275
180,4_274_311,20190912,4,274,311,10511,Tres Olivos,,0,1,06:00:00,01:30:00,TV,2,VT,9,R,20070427,20070426,,441220.8383,4483827.33053,079,28,4_274
181,4_285_312,20190912,4,285,312,08081,Aeropuerto T4,,0,1,06:00:00,01:30:00,TV,2,VT,9,S,20090223,20070503,,449835.484,4482768.306,079,28,4_285
182,4_292_313,20190912,4,292,313,07591,Henares,,-1,1,06:00:00,01:30:00,TV,2,VT,9,A,20090223,20070505,,455366.421,4474437.545,130,28,4_292
183,4_291_314,20190912,4,291,314,07581,Jarama,,-1,1,06:00:00,01:30:00,TV,2,VT,9,A,20090223,20070505,,455550.364,4475071.842,130,28,4_291
184,4_290_315,20190912,4,290,315,07571,San Fernando,,-1,1,06:00:00,01:30:00,TV,2,VT,9,A,20090223,20070505,,454661.791,4475230.34,130,28,4_290
185,4_289_316,20190912,4,289,316,07561,La Rambla,,-1,1,06:00:00,01:30:00,TV,2,VT,9,A,20090223,20070505,,453594.984,4475321.042,049,28,4_289
186,4_288_317,20190912,4,288,317,07551,Coslada Central,,-1,1,06:00:00,01:30:00,TV,2,VT,9,A,20090223,20070505,,452443.821,4475123.074,049,28,4_288
187,4_133_175,20190912,4,133,175,07021,San Blas,,-1,1,06:00:00,01:30:00,TV,1,VT,2,N,20030314,19930701,,447897.277,4475610.222,079,28,4_133
188,4_134_176,20190912,4,134,176,07031,Amposta,,-1,1,06:00:00,01:30:00,TV,1,VT,2,N,20030314,19930701,,447258.005,4475582.196,079,28,4_134
189,4_134_177,20190912,4,134,177,07032,Castillo de Uclés,,-1,2,06:00:00,01:30:00,TV,1,VT,2,N,20030314,19930701,,447044.463,4475649.348,079,28,4_134
190,4_135_178,20190912,4,135,178,07041,García Noblejas,,-1,1,06:00:00,01:30:00,TV,1,VT,1,N,20030314,19930701,,446493.924,4475777.379,079,28,4_135
191,4_135_179,20190912,4,135,179,07042,José Arcones Gil,,-1,2,06:00:00,01:30:00,TV,2,VT,2,N,20030314,19930701,,446325.649,4475659.998,079,28,4_135
192,4_136_180,20190912,4,136,180,07051,Ascao,,-1,1,06:00:00,01:30:00,TV,1,VT,2,N,20030314,19930701,,445828.816,4475964.865,079,28,4_136
193,4_138_181,20190912,4,138,181,07071,Barrio de la Concepción,,-1,1,06:00:00,01:30:00,TV,1,VT,2,N,20030314,19930701,,444829.958,4476915.184,079,28,4_138
194,4_139_182,20190912,4,139,182,07081,Parque de las Avenidas,,-1,1,06:00:00,01:30:00,TV,1,VT,2,N,20030314,19930701,,443882.074,4476942.274,079,28,4_139
195,4_140_183,20190912,4,140,183,07091,Cartagena,,-1,1,06:00:00,01:30:00,TV,1,VT,1,N,20030314,19930701,,443138.656,4476930.31,079,28,4_140
196,4_142_184,20190912,4,142,184,07111,Gregorio Marañón,,-1,1,06:00:00,01:30:00,TV,1,VT,1,A,20030314,19930701,,441509.365,4476815.507,079,28,4_142
197,4_143_185,20190912,4,143,185,07121,Alonso Cano,,-1,1,06:00:00,01:30:00,TV,1,VT,1,A,20030314,19930701,,440811.94,4476863.795,079,28,4_143
198,4_145_186,20190912,4,145,186,07141,Cristo Rey,,-1,1,06:00:00,01:30:00,TV,1,VT,1,A,20030314,19930701,,439553.68,4476944.186,079,28,4_145
199,4_145_187,20190912,4,145,187,07142,Islas Filipinas,,-1,2,06:00:00,01:30:00,TV,10,VT,1,N,20030314,19930701,,439637.032,4476939.715,079,28,4_145
200,4_147_188,20190912,4,147,188,07161,Francos Rodríguez,,-1,1,06:00:00,01:30:00,TV,1,VT,1,A,20030314,19930701,,439703.081,4478841.017,079,28,4_147
201,4_148_189,20190912,4,148,189,07171,Virgen de la Paloma,,-1,1,06:00:00,01:30:00,TV,1,VT,1,A,20030314,19930701,,439461.703,4479789.505,079,28,4_148
202,4_148_190,20190912,4,148,190,07172,Valdezarza,SE CERRO EL 06/08/2012 Y SE REABRIO EL 05/05/2014,-1,2,06:00:00,01:30:00,TV,2,VT,1,N,20030314,19930701,,439373.646,4479810.142,079,28,4_148
203,4_149_191,20190912,4,149,191,07181,Antonio Machado,,-1,1,06:00:00,01:30:00,TV,1,VT,1,A,20030314,19930701,,439323.742,4480456.787,079,28,4_149
204,4_150_192,20190912,4,150,192,07191,Peñagrande,,-1,1,06:00:00,01:30:00,TV,1,VT,1,A,20030314,19930701,,439420.918,4481049.574,079,28,4_150
205,4_151_193,20190912,4,151,193,07201,Avenida de la Ilustración,,-1,1,06:00:00,01:30:00,TV,1,VT,1,A,20030314,19930701,,439205.802,4481523.755,079,28,4_151
206,4_152_194,20190912,4,152,194,07211,Lacoma,,-1,1,06:00:00,01:30:00,TV,1,VT,1,A,20030314,19930701,,438831.844,4482040.223,079,28,4_152
207,4_154_195,20190912,4,154,195,07231,Pitis,,-1,1,06:00:00,01:30:00,TV,1,VT,1,A,20030314,19930701,,438634.324,4483179.811,079,28,4_154
208,4_120_196,20190912,4,120,196,06183,Paseo de la Castellana,,-1,3,06:00:00,01:30:00,TV,1,VT,4,A,20090224,20020101,,441440.905,4477591.961,079,28,4_120
209,4_120_197,20190912,4,120,197,06184,Correspondencia L8-RENFE,,-2,4,06:00:00,12:30:00,TV,2,VT,4,N,20090224,20020101,,441446.196,4477613.657,079,28,4_120
210,4_120_198,20190912,4,120,198,06185,Correspondencia L10-RENFE,,-3,5,06:00:00,12:30:00,TV,2,VT,4,N,20090224,20020101,,441452.546,4477604.661,079,28,4_120
211,4_120_199,20190912,4,120,199,06181,Orense,,-1,1,06:00:00,01:30:00,TV,1,VT,1,N,20090224,19930701,,441178.459,4477735.141,079,28,4_120
212,4_120_200,20190912,4,120,200,06182,RENFE,,-2,2,06:00:00,12:30:00,TV,7,VT,1,A,20090224,19930701,,441296.72,4477738.456,079,28,4_120
213,4_156_201,20190912,4,156,201,08021,República Dominicana,,-1,1,06:00:00,01:30:00,TV,1,VT,4,A,20030314,20020101,,442701.17,4478923.3,079,28,4_156
214,4_158_202,20190912,4,158,202,08051,Feria de Madrid,Campo de las Naciones hasta 25/06/2017,-1,1,06:00:00,01:30:00,TV,1,VT,1,A,20030314,19980101,,447833.991,4479628.309,079,28,4_158
215,4_159_203,20190912,4,159,203,08061,Aeropuerto T1-T2-T3,,-1,1,06:00:00,01:30:00,TV,1,VT,4,A,20030314,19980101,,451638.625,4480067.744,079,28,4_159
216,4_160_204,20190912,4,160,204,08071,Barajas,,-1,1,06:00:00,01:30:00,TV,1,VT,1,A,20030314,19980101,,450634.245,4480998.918,079,28,4_160
217,4_161_205,20190912,4,161,205,09011,Fermín Caballero,,-1,1,06:00:00,01:30:00,TV,1,VT,2,N,20030314,19930701,,440183.196,4481923.418,079,28,4_161
218,4_161_206,20190912,4,161,206,09012,Herrera Oria,,-1,2,06:00:00,01:30:00,TV,2,VT,2,N,20030314,19930701,,440025.887,4482076.089,079,28,4_161
219,4_162_207,20190912,4,162,207,09021,Plaza Mondáriz,,-1,1,06:00:00,01:30:00,TV,1,VT,1,N,20030314,19930701,,440457.509,4481228.66,079,28,4_162
220,4_162_208,20190912,4,162,208,09022,Melchor Fernández Almagro,,-1,2,06:00:00,01:30:00,TV,16,VT,1,N,20030314,19930701,,440512.91,4481047.425,079,28,4_162
221,4_163_209,20190912,4,163,209,09031,Ventilla,,-1,1,06:00:00,01:30:00,TV,1,VT,2,N,20030314,19930701,,441121.936,4480323.155,079,28,4_163
222,4_165_210,20190912,4,165,210,09051,Duque de Pastrana,,-1,1,06:00:00,01:30:00,TV,1,VT,1,N,20030314,19930701,,442518.099,4480094.027,079,28,4_165
223,4_166_211,20190912,4,166,211,09061,Pío XII,,-1,1,06:00:00,01:30:00,TV,1,VT,2,N,20030314,19930701,,442830.2,4479778.573,079,28,4_166
224,4_166_212,20190912,4,166,212,09062,Manuel Montilla,SE CERRO EL 19/08/2012 Y SE REABRIO EL 29/12/2014,-1,2,06:00:00,01:30:00,TV,2,VT,1,N,20030314,19930701,,442793.186,4479548.343,079,28,4_166
225,4_168_213,20190912,4,168,213,09081,Plaza de Cataluña,,-1,1,06:00:00,01:30:00,TV,1,VT,2,N,20030314,19930701,,442637.414,4478099.245,079,28,4_168
226,4_168_214,20190912,4,168,214,09082,Príncipe de Vergara,SE CERRO EL 19/08/2012 Y SE REABRIO EL 29/12/2014,-1,2,06:00:00,01:30:00,TV,2,VT,2,N,20030314,19930701,,442663.955,4478381.352,079,28,4_168
227,4_169_215,20190912,4,169,215,09091,Sánchez Pacheco,,-1,1,06:00:00,01:30:00,TV,1,VT,2,N,20030314,19930701,,442602.768,4477697.738,079,28,4_169
228,4_169_216,20190912,4,169,216,09092,Príncipe de Vergara,SE CERRO EL 12/08/2012 Y SE REABRIO EL 29/12/2014,-1,2,06:00:00,01:30:00,TV,2,VT,2,N,20030314,19930701,,442562.971,4477393.937,079,28,4_169
229,4_173_217,20190912,4,173,217,09131,Ibiza,,-1,1,06:00:00,01:30:00,TV,1,VT,2,N,20030314,19930701,,442574.122,4474624.757,079,28,4_173
230,4_175_218,20190912,4,175,218,09151,Moratalaz,,-1,1,06:00:00,01:30:00,TV,1,VT,2,N,20030314,19930701,,444069.431,4473809.716,079,28,4_175
231,4_175_219,20190912,4,175,219,09152,Estrella,,-1,2,06:00:00,01:30:00,TV,2,VT,1,N,20030314,19930701,,443829.439,4473889.038,079,28,4_175
232,4_176_220,20190912,4,176,220,09161,Vinateros,,-1,1,06:00:00,01:30:00,TV,1,VT,2,N,20030314,19930701,,444946.62,4473642.114,079,28,4_176
233,4_176_221,20190912,4,176,221,09162,Arroyo Belincoso,,-1,2,06:00:00,01:30:00,TV,2,VT,1,N,20030314,19930701,,444737.418,4473713.518,079,28,4_176
234,4_177_222,20190912,4,177,222,09171,Juan de Bobadilla,,-1,1,06:00:00,01:30:00,TV,1,VT,2,N,20030314,19930701,,445466.052,4473309.604,079,28,4_177
235,4_177_223,20190912,4,177,223,09172,Pico de Artilleros,,-1,2,06:00:00,01:30:00,TV,6,VT,1,N,20030314,19930701,,445648.292,4473152.485,079,28,4_177
236,4_178_224,20190912,4,178,224,09181,Pavones,,-1,1,06:00:00,01:30:00,TV,1,VT,1,A,20030314,19930701,,446208.477,4472626.027,079,28,4_178
237,4_179_225,20190912,4,179,225,09191,Norte,,-1,1,06:00:00,01:30:00,TV,1,VT,1,A,20030314,19930701,,447353.829,4472521.514,079,28,4_179
238,4_1_1,20190912,4,1,1,01011,Plaza de Castilla,,-1,1,06:00:00,01:30:00,TV,1,VT,1,A,20110117,19930701,,441729.17,4479888.745,079,28,4_1
239,4_1_2,20190912,4,1,2,01012,Bravo Murillo,,0,2,06:00:00,12:00:00,TV,1,VT,1,N,20080423,19930701,,441601.871,4479933.803,079,28,4_1
240,4_1_3,20190912,4,1,3,01013,Castellana,,-1,3,06:00:00,01:30:00,TV,11,VT,1,A,20100527,19930701,,441674.999,4480019.188,079,28,4_1
241,4_2_4,20190912,4,2,4,01021,Capitán Blanco Argibay,,-1,1,06:00:00,01:30:00,TV,1,VT,1,N,20030314,19930701,,441136.994,4479722.45,079,28,4_2
242,4_2_5,20190912,4,2,5,01022,Aníbal,,-1,2,06:00:00,01:30:00,TV,2,VT,1,N,20030314,19930701,,441251.886,4479777.83,079,28,4_2
243,4_3_6,20190912,4,3,6,01031,Algodonales,,-1,1,06:00:00,01:30:00,TV,1,VT,1,N,20030314,19930701,,440840.823,4479261.842,079,28,4_3
244,4_3_7,20190912,4,3,7,01032,General Margallo,,-1,2,06:00:00,01:30:00,TV,8,VT,1,N,20030314,19930701,,440914.986,4479355.28,079,28,4_3
245,4_4_8,20190912,4,4,8,01041,Juan de Olías,,-1,1,06:00:00,01:30:00,TV,1,VT,1,N,20030314,19930701,,440499.179,4478581.772,079,28,4_4
246,4_4_9,20190912,4,4,9,01042,Fulgencio de Miguel,,-1,2,06:00:00,01:30:00,TV,1,VT,1,N,20030314,19930701,,440525.317,4478702.563,079,28,4_4
247,4_5_10,20190912,4,5,10,01051,Alvarado,,-1,1,06:00:00,01:30:00,TV,1,VT,2,N,20030314,19930701,,440442.27,4478132.833,079,28,4_5
248,4_6_11,20190912,4,6,11,01061,Central,,-1,1,06:00:00,01:30:00,TV,1,VT,1,A,20030314,19930701,,440419.861,4477746.859,079,28,4_6
249,4_6_12,20190912,4,6,12,01062,Maudes,,-1,2,06:00:00,01:30:00,TV,2,VT,1,N,20030314,19930701,,440500.104,4477640.707,079,28,4_6
250,4_7_13,20190912,4,7,13,01071,Ríos Rosas,,-1,1,06:00:00,01:30:00,TV,1,VT,1,N,20080212,19930701,,440616.187,4477249.585,079,28,4_7
251,4_7_14,20190912,4,7,14,01072,Bretón de los Herreros,SE CERRO EL 12/08/2012 Y SE REABRIO EL 29/12/2014,-1,2,06:00:00,01:30:00,TV,2,VT,1,N,20030314,19930701,,440626.681,4477132.281,079,28,4_7
252,4_8_15,20190912,4,8,15,01081,Martínez Campos,,-1,1,06:00:00,01:30:00,TV,1,VT,1,A,20080423,19930701,,440868.376,4476488.216,079,28,4_8
253,4_8_16,20190912,4,8,16,01082,Sagunto,SE CERRO EL 06/08/2012 Y SE REABRIO EL 29/12/2014,-1,2,06:00:00,01:30:00,TV,2,VT,2,N,20030314,19930701,,440852.957,4476413.07,079,28,4_8
254,4_8_17,20190912,4,8,17,01083,Eloy Gonzalo,,-1,3,06:00:00,01:30:00,TV,11,VT,1,A,20080423,19930701,,440826.278,4476479.112,079,28,4_8
255,4_9_18,20190912,4,9,18,01091,Central,,-1,1,06:00:00,01:30:00,TV,1,VT,1,N,20030314,19930701,,440593.44,4475831.665,079,28,4_9
256,4_9_19,20190912,4,9,19,01092,Luchana,,-1,2,06:00:00,01:30:00,TV,3,VT,1,N,20030314,19930701,,440683.29,4475948.676,079,28,4_9
257,4_10_20,20190912,4,10,20,01101,Barceló,,-1,1,06:00:00,01:30:00,TV,1,VT,2,N,20030314,19930701,,440663.2,4475525.924,079,28,4_10
258,4_10_21,20190912,4,10,21,01102,Fuencarral,,-1,2,06:00:00,01:30:00,TV,1,VT,1,N,20030314,19930701,,440640.503,4475433.87,079,28,4_10
259,4_11_22,20190912,4,11,22,01111,Gran Vía,,-1,1,06:00:00,01:30:00,TV,1,VT,1,N,20030314,19930701,,440576.338,4474798.597,079,28,4_11
260,4_12_23,20190912,4,12,23,01121,Puerta del Sol,,-2,1,06:00:00,01:30:00,TV,1,VT,1,N,20101228,19930701,,440434.776,4474457.129,079,28,4_12
261,4_12_24,20190912,4,12,24,01122,RENFE,,-2,2,06:00:00,01:30:00,TV,1,VT,1,N,20101228,19930701,,440383.454,4474466.5,079,28,4_12
262,4_12_25,20190912,4,12,25,01123,Mayor,,0,3,06:00:00,01:30:00,TV,1,VT,1,A,20080423,19930701,,440360.812,4474461.12,079,28,4_12
263,4_13_26,20190912,4,13,26,01131,Conde de Romanones,,-1,1,06:00:00,01:30:00,TV,1,VT,1,N,20030314,19930701,,440323.381,4473978.853,079,28,4_13
264,4_13_27,20190912,4,13,27,01132,Magdalena,SE CERRO EL 13/08/2012 Y SE REABRIO EL 29/12/2014,-1,2,06:00:00,01:30:00,TV,2,VT,1,N,20030314,19930701,,440405.317,4473970.93,079,28,4_13
265,4_14_28,20190912,4,14,28,01141,Antón Martín,,-1,1,06:00:00,01:30:00,TV,1,VT,1,N,20030314,19930701,,440817.426,4473952.818,079,28,4_14
266,4_14_29,20190912,4,14,29,01142,Atocha,SE CERRO EL 26/08/2012 Y SE REABRIO EL 07/07/2014,-1,2,06:00:00,01:30:00,TV,2,VT,1,N,20030314,19930701,,440908.488,4473890.076,079,28,4_14
267,4_15_30,20190912,4,15,30,01151,Atocha,,-1,1,06:00:00,01:30:00,TV,1,VT,1,N,20030314,19930701,,441394.464,4473584.114,079,28,4_15
268,4_15_31,20190912,4,15,31,01152,Ministerio de Agricultura,,-1,2,06:00:00,01:30:00,TV,2,VT,1,N,20030314,19930701,,441498.134,4473542.677,079,28,4_15
269,4_16_32,20190912,4,16,32,01161,Alfonso XII,,-1,1,06:00:00,01:30:00,TV,1,VT,1,A,20030314,19930701,,441663.938,4473378.902,079,28,4_16
270,4_16_33,20190912,4,16,33,01162,RENFE,,-2,2,06:00:00,12:30:00,TV,1,VT,1,N,20030314,19930701,,441645.096,4473368.385,079,28,4_16
271,4_17_34,20190912,4,17,34,01171,Menéndez Pelayo,,-1,1,06:00:00,01:30:00,TV,1,VT,2,N,20030314,19930701,,442333.206,4473076.597,079,28,4_17
272,4_17_35,20190912,4,17,35,01172,Gutenberg,,-1,2,06:00:00,01:30:00,TV,2,VT,2,N,20030314,19930701,,442265.219,4473104.975,079,28,4_17
273,4_18_36,20190912,4,18,36,01181,Doctor Esquerdo,,-1,1,06:00:00,01:30:00,TV,1,VT,1,A,20101228,19930701,,442821.357,4472734.867,079,28,4_18
274,4_18_37,20190912,4,18,37,01182,Sánchez Barcaíztegui,,-1,2,06:00:00,01:30:00,TV,2,VT,1,N,20030314,19930701,,442718.768,4472812.511,079,28,4_18
275,4_19_38,20190912,4,19,38,01191,Albufera,,-1,1,06:00:00,01:30:00,TV,1,VT,1,N,20030314,19930701,,443381.553,4472335.657,079,28,4_19
276,4_19_39,20190912,4,19,39,01192,Peña Prieta,,-1,2,06:00:00,01:30:00,TV,8,VT,1,N,20030314,19930701,,443325.121,4472409.69,079,28,4_19
277,4_20_40,20190912,4,20,40,01201,Norte,,-1,1,06:00:00,01:30:00,TV,1,VT,2,N,20030314,19930701,,443674.728,4472140.659,079,28,4_20
278,4_20_41,20190912,4,20,41,01202,Sur,SE CERRO EL 26/08/2012 Y SE REABRIO EL 25/04/2014,-1,2,06:00:00,01:30:00,TV,15,VT,2,N,20030314,19930701,,443803.48,4472051.282,079,28,4_20
279,4_21_42,20190912,4,21,42,01211,Albufera,,-1,1,06:00:00,01:30:00,TV,1,VT,2,N,20030314,19930701,,444146.426,4471812.228,079,28,4_21
280,4_21_43,20190912,4,21,43,01212,Palomeras,,-1,2,06:00:00,01:30:00,TV,2,VT,2,N,20030314,19930701,,444293.216,4471708.062,079,28,4_21
281,4_22_44,20190912,4,22,44,01221,Buenos Aires,,-1,1,06:00:00,01:30:00,TV,1,VT,2,N,20030314,19930701,,444644.295,4471620.762,079,28,4_22
282,4_23_45,20190912,4,23,45,01231,Alto del Arenal,,-1,1,06:00:00,01:30:00,TV,1,VT,2,A,20030314,19930701,,445340.123,4471454.002,079,28,4_23
283,4_24_46,20190912,4,24,46,01241,Miguel Hernández,Parking,-1,1,06:00:00,01:30:00,TV,1,VT,2,A,20030314,19930701,,445835.918,4471153.059,079,28,4_24
284,4_25_47,20190912,4,25,47,01251,RENFE,,-1,1,06:00:00,01:30:00,TV,1,VT,1,A,20030314,19930701,,447065.561,4470625.403,079,28,4_25
285,4_25_48,20190912,4,25,48,01252,Universidad,SE CERRO EL 05/08/2012 Y SE REABRIO EL 29/12/2014,-1,2,06:00:00,01:30:00,TV,2,VT,1,N,20030314,19930701,,447057.076,4470639.228,079,28,4_25
286,4_26_49,20190912,4,26,49,01261,Villa de Vallecas,,-1,1,06:00:00,01:30:00,TV,1,VT,1,A,20030314,19930701,,447370.508,4470278.437,079,28,4_26
287,4_27_50,20190912,4,27,50,01271,Congosto,,-1,1,06:00:00,01:30:00,TV,1,VT,1,A,20030314,19930701,,447577.41,4469474.733,079,28,4_27
288,4_28_51,20190912,4,28,51,02011,Ventas,,-1,1,06:00:00,01:30:00,TV,1,VT,1,N,20030314,19930701,,443832.02,4476020.582,079,28,4_28
289,4_29_52,20190912,4,29,52,02021,Manuel Becerra,,-1,1,06:00:00,01:30:00,TV,1,VT,1,N,20030314,19930701,,443343.976,4475689.362,079,28,4_29
290,4_30_53,20190912,4,30,53,02031,Conde de Peñalver,,0,1,06:00:00,01:30:00,TV,1,VT,1,A,20080423,19930701,,442769.521,4475332.963,079,28,4_30
291,4_30_54,20190912,4,30,54,02032,Felipe II,,-1,2,06:00:00,01:30:00,TV,5,VT,1,A,20080423,19930701,,442723.532,4475253.022,079,28,4_30
292,4_30_55,20190912,4,30,55,02033,General Díaz Porlier,,-1,3,06:00:00,01:30:00,TV,2,VT,1,A,20080424,19930701,,442654.548,4475315.733,079,28,4_30
293,4_31_56,20190912,4,31,56,02041,Príncipe de Vergara,,-1,1,06:00:00,01:30:00,TV,1,VT,2,N,20030314,19930701,,442421.544,4475128.273,079,28,4_31
294,4_32_57,20190912,4,32,57,02051,Lagasca,,-1,1,06:00:00,01:30:00,TV,1,VT,1,N,20030314,19930701,,441924.876,4474886.551,079,28,4_32
295,4_32_58,20190912,4,32,58,02052,Claudio Coello,,-1,2,06:00:00,01:30:00,TV,2,VT,1,N,20030314,19930701,,441841.21,4474864.085,079,28,4_32
296,4_33_59,20190912,4,33,59,02061,Cibeles,,-1,1,06:00:00,01:30:00,TV,1,VT,1,N,20030314,19930701,,441198.407,4474735.995,079,28,4_33
297,4_33_60,20190912,4,33,60,02062,Barquillo,,-1,2,06:00:00,01:30:00,TV,10,VT,1,N,20030314,19930701,,441112.622,4474681.119,079,28,4_33
298,4_34_61,20190912,4,34,61,02071,Sevilla,Estuvo CERRADO TEMPORALMENTE desde 22/04/2018 hasta 30/05/2019,-1,1,06:00:00,01:30:00,TV,1,VT,1,A,20030314,19930701,,440768.555,4474572.969,079,28,4_34
299,4_37_63,20190912,4,37,63,02101,Santo Domingo,,-1,1,06:00:00,01:30:00,TV,1,VT,2,N,20030314,19930701,,440003.859,4474882.635,079,28,4_37
300,4_37_64,20190912,4,37,64,02102,Gran Vía,,-1,2,06:00:00,01:30:00,TV,2,VT,1,N,20030314,19930701,,440059.069,4474981.799,079,28,4_37
301,4_38_65,20190912,4,38,65,02111,Ministerio de Justicia,,-1,1,06:00:00,01:30:00,TV,1,VT,1,N,20030314,19930701,,440097.635,4475307.351,079,28,4_38
302,4_38_66,20190912,4,38,66,02112,Noviciado,,-1,2,06:00:00,01:30:00,TV,2,VT,1,N,20030314,19930701,,440095.689,4475413.775,079,28,4_38
303,4_39_67,20190912,4,39,67,02121,Alberto Aguilera,,-1,1,06:00:00,01:30:00,TV,1,VT,2,N,20030314,19930701,,440212.232,4475905.601,079,28,4_39
304,4_39_68,20190912,4,39,68,02122,Carranza,SE CERRO EL 06/08/2012 Y SE REABRIO EL 14/08/2012,-1,2,06:00:00,01:30:00,TV,2,VT,1,N,20030314,19930701,,440264.93,4475902.879,079,28,4_39
305,4_40_69,20190912,4,40,69,02131,Quevedo,,-1,1,06:00:00,01:30:00,TV,1,VT,1,N,20030314,19930701,,440348.858,4476278.644,079,28,4_40
306,4_41_70,20190912,4,41,70,02141,Canal,,-1,1,06:00:00,01:30:00,TV,1,VT,1,A,20030314,19930701,,440379.438,4476880.342,079,28,4_41
307,4_43_71,20190912,4,43,71,03011,Legazpi,,-1,1,06:00:00,01:30:00,TV,1,VT,1,A,20090601,19930701,,441132.223,4471651.068,079,28,4_43
308,4_43_72,20190912,4,43,72,03012,Beata María Ana de Jesús,,-1,2,06:00:00,01:30:00,TV,2,VT,2,N,20030314,19930701,,441138.995,4471819.885,079,28,4_43
309,4_44_73,20190912,4,44,73,03022,Cáceres,,-1,2,06:00:00,01:30:00,TV,1,VT,2,N,20030314,19930701,,441193.169,4472457.855,079,28,4_44
310,4_44_74,20190912,4,44,74,03021,Ciudad Real,,-1,1,06:00:00,01:30:00,TV,2,VT,2,A,20090601,19930701,,441212.693,4472583.448,079,28,4_44
311,4_45_75,20190912,4,45,75,03031,Delicias,,-1,1,06:00:00,01:30:00,TV,1,VT,2,A,20090601,19930701,,441194.63,4472929.874,079,28,4_45
312,4_46_77,20190912,4,46,77,03042,RENFE,,-2,2,06:00:00,12:30:00,TV,1,VT,1,N,20090529,19930701,,440491.525,4473127.076,079,28,4_46
313,4_296_399,20190912,4,296,399,07601,Hospital del Henares,,-1,1,06:00:00,01:30:00,TV,2,VT,9,A,20090223,20080207,,454714.092,4474496.232,049,28,4_296
314,4_53_418,20190912,4,53,418,03111,Arcipreste de Hita,,-1,1,06:00:00,01:30:00,TV,2,VT,9,N,20090528,20080101,,439146.706,4476368.398,079,28,4_53
315,4_120_426,20190912,4,120,426,06186,RENFE-Distribuidor,,-2,6,06:00:00,01:30:00,TV,1,VT,9,N,20080722,20080710,,441430.234,4477764.021,079,28,4_120
316,4_105_551,20190912,4,105,551,06022,Nuestra Señora de Valvanera,,-1,2,06:00:00,01:30:00,TV,1,VT,2,A,20100504,19930701,,437231.998,4471857.836,079,28,4_105
317,4_74_552,20190912,4,74,552,05012,Josefa Valcárcel,,-1,2,06:00:00,01:30:00,TV,1,VT,2,N,20100504,19930701,,448486.915,4478007.062,079,28,4_74
318,4_36_577,20190912,4,36,577,02091,Plaza de Isabel II,,-1,1,06:00:00,01:30:00,TV,2,VT,9,A,20110118,20100608,,439926.585,4474618.684,079,28,4_36
319,4_18_576,20190912,4,18,576,01183,Dr. Esquerdo - Línea 6 - Ascensor,,-1,3,06:00:00,01:30:00,TV,1,VT,1,N,20110208,20100501,,442866.353,4472749.57,079,28,4_18
320,4_49_417,20190912,4,49,417,03071,Jacometrezo,,-1,1,06:00:00,01:30:00,TV,1,VT,9,A,20080424,20080101,,440206.657,4474836.203,079,28,4_49
321,4_325_581,20190912,4,325,581,02551,Las Rosas,,-1,1,06:00:00,01:30:00,TV,2,VT,9,A,20110322,20110316,,448938.902,4475169.336,079,28,4_325
322,4_322_578,20190912,4,322,578,02521,La Almudena,,-1,1,06:00:00,01:30:00,TV,2,VT,9,A,20110322,20110316,,445926.971,4475135.204,079,28,4_322
323,4_323_579,20190912,4,323,579,02531,Alsacia,,-1,1,06:00:00,01:30:00,TV,2,VT,9,A,20110322,20110316,,447194.537,4474574.079,079,28,4_323
324,4_305_555,20190912,4,305,555,11071,La Fortuna,,-1,1,06:00:00,01:30:00,TV,2,VT,9,A,20101013,20101005,,434058.159,4467987.728,074,28,4_305
325,4_287_318,20190912,4,287,318,07541,Barrio del Puerto,,-1,1,06:00:00,01:30:00,TV,2,VT,9,A,20090223,20070505,,451822.791,4475039.891,049,28,4_287
326,4_286_319,20190912,4,286,319,07511,Estadio Metropolitano,Estadio Olímpico hasta 25/06/2017,-1,1,06:00:00,01:30:00,TV,2,VT,9,A,20090223,20070505,,449161.52,4476288.211,079,28,4_286
327,4_12_412,20190912,4,12,412,01124,Preciados,,-1,4,06:00:00,01:30:00,TV,1,VT,9,N,20080423,20080101,,440371.725,4474511.983,079,28,4_12
328,4_294_321,20190912,4,294,321,01291,Las Suertes,,-1,1,06:00:00,01:30:00,TV,2,VT,9,A,20080423,20070516,,449188.114,4468486.926,079,28,4_294
329,4_293_322,20190912,4,293,322,01281,La Gavia,,-1,1,06:00:00,01:30:00,TV,2,VT,9,A,20070523,20070516,,448015.97354,4469260.67989,079,28,4_293
330,4_295_320,20190912,4,295,320,01301,Valdecarros,,-1,1,06:00:00,01:30:00,TV,2,VT,9,A,20080423,20070516,,449792.523,4468120.223,079,28,4_295
331,4_108_419,20190912,4,108,419,06053,Avda. Princesa Juana de Austria,,-3,3,06:00:00,12:30:00,TV,1,VT,1,A,20090224,20080101,,439164.798,4470942.832,079,28,4_108
332,4_324_580,20190912,4,324,580,02541,Avenida de Guadalajara,,-1,1,06:00:00,01:30:00,TV,2,VT,9,A,20110322,20110316,,448176.577,4475033.345,079,28,4_324
333,4_1_411,20190912,4,1,411,01014,Avenida Asturias,,-1,4,06:00:00,12:30:00,TV,1,VT,9,N,20080423,20080101,,441597.265,4479930.416,079,28,4_1
334,4_300_425,20190912,4,300,425,09251,Rivas Futura,,0,1,06:00:00,01:30:00,TV,2,VT,9,A,20080717,20080709,,455536.5007,4465980.305,123,28,4_300
335,4_326_582,20190912,4,326,582,09511,Mirasierra,,-1,1,06:00:00,01:30:00,TV,2,VT,9,A,20130716,20110328,,439330.053,4482786.783,079,28,4_326
336,4_345_589,20190912,4,345,589,09521,Paco de Lucía,,-1,1,06:00:00,01:30:00,TV,2,VT,9,A,20150327,20150325,,439974.7586,4483650.7575,079,28,4_345
337,4_21_597,20190912,4,21,597,01213,Josefa Díaz/Ascensor,,-2,3,06:00:00,01:30:00,TV,2,VT,9,A,20190621,20190520,,444197.80781,4471795.6541,079,28,4_21
338,4_21_598,20190912,4,21,598,01214,Payaso Fofó/Ascensor,,-2,4,06:00:00,01:30:00,TV,2,VT,9,A,20190621,20190520,,444189.6061,4471755.70199,079,28,4_21
339,4_138_594,20190912,4,138,594,07072,Barrio de la Concepción/Ascensor,,-1,2,06:00:00,01:30:00,TV,2,VT,9,A,20190621,20190517,,444808.00467,4476965.83142,079,28,4_138
340,4_153_593,20190912,4,153,593,07221,Arroyofresno,,-1,1,06:00:00,01:30:00,TV,2,VT,1,A,20190307,20190323,,438593.3695,4482710.6411,079,28,4_153
